Sub category,Ward Name
Public Nuisance,Bellanduru
Potholes,Singasandra
Potholes,Singasandra
Electricity,Jeevanbhima Nagar
Others,Attiguppe
Water Supply ,Domlur
Noise Pollution,Hosahalli
Bad Roads,Varthur 
Garbage,New Tippasandra
BMTC - Others,Garudachar Palya
Bad Roads,A Narayanapura
Bad Roads,Dodda Nekkundi
Clearing of Blockage of Under Ground Drainage Pipelines and Replacement of Damaged or Missing Manhole Cover,Kadugodi
Potholes,Hoodi
Bad Roads,Kadugodi
Bad Roads,Hagadur
Bad Roads,Jeevanbhima Nagar
Others,Banasavadi
Air Pollution,Kuvempu Nagar
Garbage,Kuvempu Nagar
Potholes,Arekere
Bad Roads,Varthur 
Bad Roads,Anjanapura 
Flooding of Roads and Footpaths,Puttenahalli
Potholes,New Tippasandra
Diseases,Bellanduru
Bad Roads,HAL Airport 
Parking Violations,Rajarajeshwari Nagar 
Bad Roads,HAL Airport 
Autorickshaws and Taxis,Dodda Nekkundi
Electricity,Hongasandra 
Water Supply and Services - Others,Bellanduru
Footpaths,Byatarayanapura
BMTC - Others,Lakkasandra 
Bad Roads,Benniganahalli
Traffic,A Narayanapura
Noise Pollution,Begur 
Stray Dogs,Maruthi Seva Nagar
Garbage,Bilekahalli 
NULL,Ramamurthy Nagar
Diseases,HBR Layout
Garbage,Vijnanapura
Potholes,Hoysala Nagar
Water Supply and Services - Others,New Tippasandra
Garbage,Vishveshwarapura
Garbage,C V Raman Nagar
Bad Roads,Vijnana Nagar
No Sewage Drains,Bellanduru
Need New Streetlights,Arekere
Desilting - Lakes,Arekere
Bad Roads,Arekere
Bad Roads,Ramamurthy Nagar
Bad Roads,Horamavu
Bad Roads,Varthur 
NULL,HBR Layout
Need New Streetlights,HBR Layout
Garbage,Varthur 
Stray Dogs,New Tippasandra
Traffic,Varthur 
Garbage,Bellanduru
Overflow of Storm Water Drains,Shantala Nagar
Need New Streetlights,Singasandra
Streetlights,Garudachar Palya
Stray Dogs,Yelchenahalli 
Garbage,Ejipura
Others,HSR Layout 
Bad Roads,Mangamannapalya
Stray Dogs,Madivala 
Bad Roads,HBR Layout
Garbage,Konena Agrahara
Hawkers and Vendors,C V Raman Nagar
Garbage,C V Raman Nagar
Others,Jaraganahalli 
Autorickshaws and Taxis,C V Raman Nagar
Others,Shantala Nagar
Garbage,Bellanduru
Potholes,Dodda Nekkundi
Traffic,Varthur 
Parks and playgrounds,Bellanduru
Traffic,Byatarayanapura
Clearing of Blockage of Under Ground Drainage Pipelines and Replacement of Damaged or Missing Manhole Cover,Laggere
Others,Konankunte
Bad Roads,Hoodi
Streetlights,Hoodi
Bad Roads,Hoodi
Bad Roads,Arekere
Need New Streetlights,Varthur 
Bad Roads,Arekere
Potholes,Varthur 
Potholes,Varthur 
Streetlights,Varthur 
Garbage,HSR Layout 
Crime and Safety - Others,Begur 
Bad Roads,Jalahalli
Bad Roads,New Tippasandra
Stray Dogs,Hoodi
Bad Roads,Singasandra
Potholes,Anjanapura 
Potholes,HSR Layout 
Hawkers and Vendors,Hagadur
Bad Roads,Bellanduru
BMTC - Driver or Conductor,Shantala Nagar
Need New Streetlights,Horamavu
Bad Roads,Koramangala
Bad Roads,Dodda Bommasandra
Potholes,Basavanapura
Bad Roads,Ramamurthy Nagar
Potholes,Varthur 
Stray Dogs,Hampi Nagar
Traffic,C V Raman Nagar
Stray Dogs,Vasanthapura
Autorickshaws and Taxis,Bapuji Nagar
Bad Roads,Thanisandra
Bad Roads,Bellanduru
Traffic,T Dasarahalli
Garbage,Dattatreya Temple
Parks and playgrounds,Vasanthapura
Hoardings,Koramangala
Bad Roads,Dodda Nekkundi
Bad Roads,Dodda Nekkundi
Footpaths,Koramangala
Potholes,Dodda Nekkundi
Stray Dogs,Vijnana Nagar
Water Pollution,Marathahalli
Bad Roads,Bagalakunte
Potholes,New Tippasandra
Others,Arekere
Streetlights,Maruthi Seva Nagar
Others,Ramamurthy Nagar
Crime and Safety - Others,Jaraganahalli 
Potholes,Varthur 
Bad Roads,Bellanduru
Need New Streetlights,Banasavadi
Potholes,Marappana Palya
Garbage,Dayananda Nagar
Bad Roads,Horamavu
Garbage,Puttenahalli
Bad Roads,Pulikeshinagar
Parking Violations,New Tippasandra
Water Supply and Services - Others,Puttenahalli
Traffic,A Narayanapura
Traffic,A Narayanapura
Bad Roads,Varthur 
Streetlights,Horamavu
Garbage,Horamavu
Others,Koramangala
Stray Dogs,Atturu
Others,Basaveshwara Nagar
Others,Basaveshwara Nagar
Traffic,Byatarayanapura
Others,Ganesh Mandir 
Potholes,Koramangala
Potholes,Ejipura
Bad Roads,Domlur
Others,Arekere
Potholes,A Narayanapura
Water Supply and Services - Others,Vijnanapura
Bad Roads,Vasanthapura
No Sewage Drains,Gottigere
Sewage and Storm Water Drains - Others,Gottigere
Noise Pollution,Gottigere
Water Supply ,Agrahara Dasarahalli
Parking Violations,Domlur
Bad Roads,HSR Layout 
Garbage,Domlur
Traffic,Domlur
NULL,Domlur
Water Leakage,Domlur
Diseases,Domlur
Stray Dogs,Begur 
Others,Begur 
Bad Roads,HSR Layout 
"Stray Animals, Insects - Others",Hemmigepura
Bad Roads,Dodda Nekkundi
Bad Roads,Hemmigepura
Stray Dogs,Hemmigepura
Potholes,Nagavara
Bad Roads,Puttenahalli
Clearing of Blockage of Under Ground Drainage Pipelines and Replacement of Damaged or Missing Manhole Cover,Hoodi
Garbage,Benniganahalli
No Sewage Drains,Gottigere
Water Supply ,Suddagunte Palya
No Sewage Drains,Atturu
Potholes,New Tippasandra
Potholes,Hongasandra 
Stray Dogs,Varthur 
Others,Bilekahalli 
Land Pollution,Bellanduru
Electricity,Atturu
Bad Roads,Konena Agrahara
Potholes,Dodda Nekkundi
Potholes,Thanisandra
Potholes,Jayamahal
Potholes,Deepanjali Nagar 
Unauthorized Construction,C V Raman Nagar
Bad Roads,Maruthi Mandira
Poor Maintenance of Buildings and Heritage Sites,A Narayanapura
Potholes,Kadugodi
Potholes,Agaram
Potholes,Vijnana Nagar
Potholes,Dodda Nekkundi
Bad Roads,Dodda Nekkundi
Bad Roads,Dodda Nekkundi
Garbage,C V Raman Nagar
Bad Roads,C V Raman Nagar
Potholes,HSR Layout 
Potholes,Chickpet
Water Supply ,Chickpet
Potholes,Agaram
Clearing of Blockage of Under Ground Drainage Pipelines and Replacement of Damaged or Missing Manhole Cover,Arekere
Potholes,Bellanduru
Traffic,Nagapura
Stray Dogs,Shanthi Nagar
Others,Suddagunte Palya
Potholes,Herohalli
BMTC - Need new Bus Route,Dodda Bidarakallu
Potholes,Maruthi Seva Nagar
Potholes,Mangamannapalya
Garbage,HAL Airport 
Potholes,Vishwanath Nagenahalli
Potholes,Adugodi
Potholes,Bellanduru
Potholes,Dodda Nekkundi
Garbage,Dodda Nekkundi
Potholes,C V Raman Nagar
Hawkers and Vendors,Dodda Nekkundi
Bad Roads,New Tippasandra
Potholes,Begur 
Potholes,Mangamannapalya
Bad Roads,K R Puram
Potholes,Domlur
Garbage,Sarakki
Water Supply and Services - Others,Herohalli
Bad Roads,HAL Airport 
Others,Basavanagudi 
NULL,Sarakki
Potholes,Benniganahalli
Hoardings,Hagadur
Others,Begur 
Streetlights,Hemmigepura
Potholes,Kadugodi
Parking Violations,BTM Layout 
Traffic,Bellanduru
Garbage,Vijnana Nagar
Potholes,HBR Layout
Potholes,New Tippasandra
Potholes,New Tippasandra
Potholes,Hongasandra 
Parks and playgrounds,Basaveshwara Nagar
Potholes,Nagavara
Potholes,Kadugodi
Others,Shakambari Nagar 
Potholes,New Tippasandra
Parking Violations,New Tippasandra
Potholes,Jogupalya
Stray Dogs,Puttenahalli
Potholes,Jayanagar 
Parks and playgrounds,HSR Layout 
Parking Violations,Mattikere
Bad Roads,Jalahalli
Electricity,Singasandra
Bad Roads,Horamavu
Potholes,Benniganahalli
Potholes,J P Park
Stray Dogs,Girinagar 
"Stray Animals, Insects - Others",Mangamannapalya
Hoardings,Sarakki
Potholes,Hoysala Nagar
Potholes,Jalahalli
Noise Pollution,Benniganahalli
Potholes,Bilekahalli 
Others,Jaraganahalli 
Potholes,Girinagar 
Potholes,Hoodi
Air Pollution,Begur 
Stray Dogs,Ganesh Mandir 
Parking Violations,Ganesh Mandir 
Potholes,Vijnana Nagar
Parking Violations,Ganesh Mandir 
Potholes,Ramamurthy Nagar
Potholes,New Tippasandra
Potholes,Bellanduru
Potholes,Kengeri 
Potholes,Kengeri 
Potholes,Horamavu
Others,Sriramamandira 
Footpaths,Dodda Nekkundi
Bad Roads,Horamavu
Potholes,HAL Airport 
Potholes,Bellanduru
Bad Roads,Horamavu
NULL,Garudachar Palya
Bad Roads,Garudachar Palya
Bad Roads,Aramane Nagara
Potholes,C V Raman Nagar
Potholes,Shantala Nagar
Potholes,Nayandahalli
Potholes,JP Nagar 
Potholes,Jakkuru
Potholes,Hoysala Nagar
Water Supply ,Hongasandra 
Potholes,Vijnana Nagar
Garbage,Hongasandra 
Flooding of Roads and Footpaths,Sampangiram Nagar
Garbage,Vijnana Nagar
Potholes,Begur 
Potholes,Sagayarapuram
Bad Roads,HAL Airport 
Bad Roads,Mahalakshimpuram
Garbage,Dodda Nekkundi
Stray Dogs,Jayachamarajendra Nagar
Bad Roads,Koramangala
Diseases,Horamavu
Potholes,Vasanth Nagar
Garbage,Konankunte
Potholes,A Narayanapura
Streetlights,Horamavu
Potholes,Hosakerehalli
Garbage,HSR Layout 
Potholes,C V Raman Nagar
Potholes,HBR Layout
Potholes,Uttarahalli
Garbage,Begur 
Potholes,Other
Potholes,Other
Potholes,Other
Potholes,Vishwanath Nagenahalli
Potholes,Hoodi
Potholes,Kamakshipalya
Potholes,Nagavara
Potholes,Bellanduru
Potholes,K R Puram
Potholes,Jnana Bharathi
Potholes,Nagavara
Potholes,Kaval Bairasandra
Bad Roads,Hoodi
Potholes,Dodda Nekkundi
Potholes,K R Puram
Others,Pattabhiram Nagar 
Need New Streetlights,Gottigere
Potholes,A Narayanapura
Bad Roads,Horamavu
Potholes,Suddagunte Palya
Potholes,Bellanduru
Potholes,Domlur
Stray Dogs,HAL Airport 
Footpaths,HAL Airport 
Potholes,Dodda Nekkundi
Potholes,Dr Raj Kumar 
Garbage,Agrahara Dasarahalli
Potholes,Dodda Nekkundi
Traffic,Garudachar Palya
Potholes,Kadugodi
Bad Roads,Byatarayanapura
Potholes,Suddagunte Palya
Potholes,T Dasarahalli
Others,Shanthi Nagar
Potholes,Jayanagar 
Clearing of Blockage of Under Ground Drainage Pipelines and Replacement of Damaged or Missing Manhole Cover,Kaveripura
Bad Roads,Kamakshipalya
Potholes,Hoysala Nagar
Crime and Safety - Others,BTM Layout 
Clearing of Blockage of Under Ground Drainage Pipelines and Replacement of Damaged or Missing Manhole Cover,Pulikeshinagar
Autorickshaws and Taxis,Shantala Nagar
Diseases,New Tippasandra
Others,Jayamahal
Garbage,Konankunte
Footpaths,Konankunte
Bad Roads,Okalipuram
Bad Roads,BTM Layout 
Potholes,Vijnana Nagar
Garbage,Arekere
Mosquitos,Dharmaraya Swamy Temple
Potholes,HBR Layout
Potholes,Sampangiram Nagar
Potholes,Bellanduru
Potholes,Vishveshwarapura
Water Supply ,HSR Layout 
Potholes,Domlur
Potholes,New Tippasandra
Bad Roads,Hoodi
Bad Roads,Dodda Nekkundi
Potholes,Mattikere
Parking Violations,Benniganahalli
Others,Shantala Nagar
Potholes,New Tippasandra
Footpaths,Dodda Nekkundi
Footpaths,Shantala Nagar
Removal of Encroachment - Lakes,Arekere
Others,Benniganahalli
Potholes,HMT
Bad Roads,Ejipura
Noise Pollution,Ulsoor
Potholes,Hoysala Nagar
Potholes,Kacharkanahalli
Potholes,Hagadur
Potholes,Singasandra
Potholes,Adugodi
BMTC - Need new Bus Route,Kengeri 
Water Leakage,Koramangala
Clearing of Blockage of Under Ground Drainage Pipelines and Replacement of Damaged or Missing Manhole Cover,Shantala Nagar
Potholes,Kaval Bairasandra
Noise Pollution,Ejipura
Need New Streetlights,Shantala Nagar
Stray Dogs,Puttenahalli
Potholes,Singasandra
Potholes,Jayachamarajendra Nagar
Garbage,Agaram
Stray Dogs,Kadugodi
Potholes,Kaval Bairasandra
NULL,Govindaraja Nagar
Stray Dogs,Kushal Nagar
Potholes,Uttarahalli
Footpaths,Dodda Nekkundi
Bad Roads,New Tippasandra
Stray Dogs,Sarvagna Nagar
Potholes,Bommanahalli
Bad Roads,Ejipura
Stray Dogs,HSR Layout 
Bad Roads,Byatarayanapura
Water Leakage,Girinagar 
Bad Roads,Shantala Nagar
Footpaths,Shantala Nagar
Footpaths,Yelahanka Satellite Town 
Potholes,Hoysala Nagar
Potholes,Jakkuru
Potholes,Dodda Nekkundi
Bad Roads,Thanisandra
Bad Roads,Hampi Nagar
Bad Roads,Varthur 
Clearing of Blockage of Under Ground Drainage Pipelines and Replacement of Damaged or Missing Manhole Cover,Kadugodi
Bad Roads,Kadugodi
Water Supply and Services - Others,Kadugodi
Streetlights,Kadugodi
Public Nuisance,Rajarajeshwari Nagar 
Bad Roads,Karisandra
Hawkers and Vendors,Kadu Malleshwara
Overflow of Storm Water Drains,Lakkasandra 
Bad Roads,K R Puram
Garbage,Kadugodi
Streetlights,Bellanduru
Potholes,HAL Airport 
Others,Gurappanpalya
Potholes,New Tippasandra
Others,Aramane Nagara
Potholes,Marappana Palya
Bad Roads,HAL Airport 
Others,Radhakrishna Temple 
Streetlights,Yelahanka Satellite Town 
Traffic,Marathahalli
Others,Bellanduru
Desilting - Lakes,Bellanduru
Others,Vijnanapura
Water Pollution,Arekere
Stray Dogs,Ejipura
BMTC - Driver or Conductor,Bellanduru
Footpaths,Hoodi
Others,Mallassandra
Potholes,HAL Airport 
Others,Kadugodi
Potholes,Hoodi
Parking Violations,Hoodi
Electricity,Vishwanath Nagenahalli
Garbage,Anjanapura 
Potholes,Kaveripura
Stray Dogs,Konena Agrahara
Stray Dogs,Jayachamarajendra Nagar
Potholes,Bellanduru
Potholes,Jogupalya
Potholes,Hoodi
Traffic,Garudachar Palya
Garbage,HSR Layout 
Stray Dogs,Madivala 
Water Supply ,K R Puram
Potholes,Koramangala
Potholes,C V Raman Nagar
Potholes,HAL Airport 
Bad Roads,HAL Airport 
Footpaths,HBR Layout
Footpaths,Koramangala
Potholes,New Tippasandra
Others,Kadugodi
Bad Roads,Begur 
Stray Dogs,Konena Agrahara
Footpaths,Vishwanath Nagenahalli
Bad Roads,Vishwanath Nagenahalli
Electricity,Shanthi Nagar
Stray Dogs,Banasavadi
NULL,Katriguppe
Potholes,Bellanduru
Potholes,Kadugodi
Stray Dogs,Ejipura
Potholes,HAL Airport 
Potholes,Gottigere
Potholes,Koramangala
Water Supply ,Aramane Nagara
Parks and playgrounds,Padmanabha Nagar 
Others,Garudachar Palya
Electricity,Atturu
Garbage,Konankunte
Air Pollution,Bellanduru
Bad Roads,Bellanduru
Potholes,Agaram
Hawkers and Vendors,J P Park
Illegal posters and Hoardings,HSR Layout 
Potholes,BTM Layout 
Bad Roads,Bellanduru
Potholes,Thanisandra
Bad Roads,K R Puram
Potholes,Begur 
Streetlights,Arekere
Others,Shantala Nagar
Streetlights,Singasandra
Bad Roads,New Tippasandra
Bad Roads,Arekere
Potholes,Domlur
Potholes,Nagarabhavi 
Garbage,Hemmigepura
Potholes,Dodda Nekkundi
Footpaths,Yelahanka Satellite Town 
Bad Roads,Herohalli
Potholes,Vijnana Nagar
Garbage,Bellanduru
Stray Dogs,Kumaraswamy Layout 
Others,JP Nagar 
Public Nuisance,BTM Layout 
Stray Dogs,Dattatreya Temple
Need New Streetlights,Horamavu
Potholes,Ganesh Mandir 
Stray Dogs,Byatarayanapura
Potholes,Aramane Nagara
Stray Dogs,HAL Airport 
Potholes,Bommanahalli
Water Meter,Devasandra
Potholes,Vijnanapura
Potholes,Chowdeshwari
Bad Roads,Jalahalli
Hoardings,Kacharkanahalli
Garbage,Benniganahalli
Potholes,Bilekahalli 
Stray Dogs,Dodda Nekkundi
Stray Dogs,Ramamurthy Nagar
Others,Hoysala Nagar
Potholes,Thanisandra
Clearing of Blockage of Under Ground Drainage Pipelines and Replacement of Damaged or Missing Manhole Cover,Kadugodi
Potholes,Bilekahalli 
Others,Shanthi Nagar
Air Pollution,Domlur
Potholes,Jayachamarajendra Nagar
Bad Roads,Vasanth Nagar
Potholes,Gandhi Nagar
Others,Karisandra
Bad Roads,Lakkasandra 
Clearing of Blockage of Under Ground Drainage Pipelines and Replacement of Damaged or Missing Manhole Cover,Thanisandra
Bad Roads,Kaval Bairasandra
Autorickshaws and Taxis,Konena Agrahara
Overflow of Storm Water Drains,C V Raman Nagar
Footpaths,Koramangala
Hawkers and Vendors,A Narayanapura
Potholes,Bellanduru
Broken Storm Water Drains,Sudham Nagara
Potholes,Arekere
Potholes,Sampangiram Nagar
Crime and Safety - Others,Jayanagar East 
Others,Konena Agrahara
Potholes,Dodda Nekkundi
Stray Dogs,Rajarajeshwari Nagar 
Stray Dogs,Puttenahalli
Others,HSR Layout 
Bad Roads,J P Park
Potholes,Bellanduru
Potholes,Bilekahalli 
Potholes,Bellanduru
Potholes,Bellanduru
Traffic,Dodda Nekkundi
Garbage,Dodda Nekkundi
Potholes,Bilekahalli 
Potholes,Hoysala Nagar
Potholes,Thanisandra
Bad Roads,Shettihalli
Garbage,Girinagar 
New Bus Shelters,JP Nagar 
Bad Roads,Hoodi
Bad Roads,Benniganahalli
Bad Roads,Domlur
Broken Storm Water Drains,Dodda Nekkundi
Public Nuisance,Kaval Bairasandra
Water Supply and Services - Others,Singasandra
Potholes,Subhash Nagar
"60 feet road, BEML 4th stage is a busy and commercial road with many shops and few houses. Waste collectors do not come by regularly. If they do they do not segregate dry and wet waste. Shops throw garbage in open sites. This is then burnt by garbage collectors as they say the collection truck does not come by here. As a result pigs and dogs are always loitering around.",Rajarajeshwari Nagar 
Bad Roads,Vishwanath Nagenahalli
Traffic,Marathahalli
Electricity,Kadugodi
Lakes - Others,Garudachar Palya
Streetlights,Vishveshwarapura
Streetlights,Vishveshwarapura
Water Leakage,Vishveshwarapura
Garbage,BTM Layout 
Garbage,HAL Airport 
Bad Roads,Shantala Nagar
Potholes,Hoodi
Bad Roads,Hoodi
Bad Roads,Bapuji Nagar
Water Supply and Services - Others,Hoodi
Footpaths,Gali Anjaneya Temple
Potholes,HAL Airport 
Potholes,New Tippasandra
Hoardings,Arekere
Desilting - Lakes,Dodda Nekkundi
Potholes,Devasandra
Footpaths,Dodda Nekkundi
Potholes,Dodda Nekkundi
Electricity,Jakkasandra
Stray Dogs,J P Park
Bad Roads,Hombegowda Nagar 
Water Supply ,Vijnana Nagar
Air Pollution,Jayamahal
Potholes,Sampangiram Nagar
Potholes,Begur 
Garbage,Kacharkanahalli
Potholes,Subhash Nagar
Garbage,Konena Agrahara
Bad Roads,HBR Layout
Bad Roads,Horamavu
"Stray Animals, Insects - Others",Jnana Bharathi
Garbage,Shantala Nagar
Footpaths,Shantala Nagar
Potholes,HSR Layout 
Garbage,Horamavu
Garbage,JP Nagar 
Bad Roads,HAL Airport 
Bad Roads,Horamavu
Garbage,JP Nagar 
Streetlights,Begur 
Potholes,Banasavadi
Potholes,Ramamurthy Nagar
Footpaths,Madivala 
Garbage,Okalipuram
Noise Pollution,Hagadur
Garbage,Vijnana Nagar
Garbage,Bellanduru
BMTC - Need new Bus Route,Hampi Nagar
Footpaths,Dodda Nekkundi
Garbage,Hoodi
Stray Dogs,HSR Layout 
Air Pollution,Hoodi
Clearing of Blockage of Under Ground Drainage Pipelines and Replacement of Damaged or Missing Manhole Cover,Hagadur
Footpaths,Katriguppe
Stray Dogs,Vijnana Nagar
Potholes,Singasandra
Overflow of Storm Water Drains,Ejipura
Electricity,Sampangiram Nagar
BMTC - Need new Bus Route,Hoodi
Bad Roads,Byatarayanapura
Potholes,Konankunte
Bad Roads,Hombegowda Nagar 
Bad Roads,Sudham Nagara
Traffic,Konankunte
Bad Roads,Konankunte
Bad Roads,Arekere
Footpaths,Radhakrishna Temple 
Footpaths,Radhakrishna Temple 
Electricity,Vijnanapura
Bad Roads,Jaraganahalli 
Bad Roads,HAL Airport 
Potholes,Kadugodi
Electricity,Koramangala
Potholes,Domlur
Birth or death certificate,Anjanapura 
Water Supply ,Ramamurthy Nagar
Parking Violations,Katriguppe
Potholes,Anjanapura 
Potholes,Agaram
Potholes,Vasanthapura
Potholes,Vasanthapura
Bad Roads,A Narayanapura
Potholes,Hagadur
Potholes,Uttarahalli
Potholes,Jayanagar East 
Stray Dogs,Atturu
Bad Roads,Benniganahalli
Stray Dogs,Vijnanapura
Bad Roads,Bellanduru
Water Supply and Services - Others,Manorayanapalya
Bad Roads,Bellanduru
Potholes,Bellanduru
Bad Roads,Madivala 
Potholes,HSR Layout 
Garbage,Bellanduru
Stray Dogs,Govindaraja Nagar
Others,Banasavadi
Bad Roads,New Tippasandra
Bad Roads,Govindaraja Nagar
Others,Govindaraja Nagar
Potholes,Dodda Nekkundi
Garbage,Domlur
Clearing of Blockage of Under Ground Drainage Pipelines and Replacement of Damaged or Missing Manhole Cover,Shakambari Nagar 
Potholes,Nagavara
Autorickshaws and Taxis,Jayamahal
Stray Dogs,Puttenahalli
Water Leakage,Benniganahalli
Potholes,Byatarayanapura
Others,HSR Layout 
Air Pollution,Arekere
Electricity,Maruthi Seva Nagar
Potholes,Sampangiram Nagar
Bad Roads,Dodda Nekkundi
Potholes,Devasandra
BMTC - Need new Bus Route,Hoodi
Potholes,Begur 
Potholes,Begur 
Potholes,Agaram
Electricity,Ramamurthy Nagar
Bad Roads,Nagapura
Air Pollution,Byrasandra 
Flooding of Roads and Footpaths,Vasanth Nagar
Potholes,Ramamurthy Nagar
Others,Thanisandra
Streetlights,Bellanduru
Traffic,Thanisandra
Garbage,Madivala 
Traffic,Ejipura
"Stray Animals, Insects - Others",Ganesh Mandir 
Bad Roads,Byrasandra 
Bad Roads,Shakambari Nagar 
Broken Storm Water Drains,Hoysala Nagar
Traffic,Banasavadi
Footpaths,Hoysala Nagar
Garbage,Yelchenahalli 
Water Supply and Services - Others,Jaraganahalli 
Water Supply ,Hanumantha Nagar
Stray Dogs,Jaraganahalli 
Clearing of Blockage of Under Ground Drainage Pipelines and Replacement of Damaged or Missing Manhole Cover,Basavanagudi 
Garbage,Horamavu
Autorickshaws and Taxis,Mangamannapalya
Others,Lingarajapura
Potholes,HSR Layout 
BMTC - Need new Bus Route,HSR Layout 
Streetlights,Bellanduru
Others,Yelchenahalli 
Potholes,Nagavara
Need New Streetlights,Bilekahalli 
Potholes,Bilekahalli 
Potholes,Domlur
Potholes,Hoodi
Potholes,Domlur
Potholes,Uttarahalli
Electricity,Ganesh Mandir 
Air Pollution,HBR Layout
Overflow of Storm Water Drains,K R Puram
Potholes,Garudachar Palya
Bad Roads,Begur 
Need New Streetlights,Vishveshwarapura
Others,Arekere
Hawkers and Vendors,Garudachar Palya
Others,Dodda Nekkundi
Clearing of Blockage of Under Ground Drainage Pipelines and Replacement of Damaged or Missing Manhole Cover,New Tippasandra
Footpaths,Hoodi
Birth or death certificate,Konankunte
Stray Dogs,Dodda Nekkundi
Clearing of Blockage of Under Ground Drainage Pipelines and Replacement of Damaged or Missing Manhole Cover,Kushal Nagar
Traffic,Subramanya Nagar
Clearing of Blockage of Under Ground Drainage Pipelines and Replacement of Damaged or Missing Manhole Cover,Kadugodi
Bad Roads,Mattikere
Traffic,Mattikere
Bad Roads,Bellanduru
Bad Roads,Kodigehalli
Bad Roads,Malleswaram
BMTC - Need new Bus Route,Hagadur
Others,Yediyur
Bad Roads,Hoodi
Bad Roads,Vijnana Nagar
Water Supply ,Vijnana Nagar
Traffic,Subhash Nagar
Bad Roads,Vidyaranyapura
Others,Bommanahalli
Potholes,Begur 
Potholes,Dodda Nekkundi
Garbage,Horamavu
Bad Roads,Hoodi
Water Supply and Services - Others,Mangamannapalya
Footpaths,Jayamahal
Others,Shantala Nagar
Stray Dogs,Agaram
Potholes,Hoodi
Potholes,Kadugodi
Traffic,Devasandra
Traffic,Bagalakunte
Stray Dogs,Horamavu
Bad Roads,Hoodi
Public Nuisance,HSR Layout 
"Hi, BMTC,",Dodda Nekkundi
Bad Roads,Hoodi
Bad Roads,K R Puram
Hoardings,Konankunte
Footpaths,Konankunte
Bad Roads,Varthur 
Others,Sriramamandira 
Potholes,Deepanjali Nagar 
Potholes,Koramangala
Potholes,HSR Layout 
Bad Roads,C V Raman Nagar
Bad Roads,C V Raman Nagar
Water Supply ,Kaval Bairasandra
Bad Roads,Benniganahalli
Potholes,HAL Airport 
Need New Streetlights,Hoodi
BMTC - Others,Dodda Nekkundi
New Bus Shelters,Garudachar Palya
Bad Roads,Kadugondanahalli
Garbage,Ramamurthy Nagar
Stray Dogs,Adugodi
Stray Dogs,Vijnana Nagar
Air Pollution,Rajaji Nagar
Manholes,Konena Agrahara
No Sewage Drains,Bellanduru
Potholes,Deepanjali Nagar 
Potholes,Deepanjali Nagar 
Garbage,Girinagar 
Potholes,Dodda Nekkundi
Potholes,Deepanjali Nagar 
Bad Roads,HBR Layout
Bad Roads,Aramane Nagara
Garbage,Sampangiram Nagar
Broken Storm Water Drains,Vishwanath Nagenahalli
Birth or death certificate,Vishwanath Nagenahalli
Bad Roads,HAL Airport 
Stray Dogs,Jeevanbhima Nagar
Noise Pollution,Bellanduru
"This side drain has been dumped with construction material, mud from BWSSB pipeline, Garbage, Electric Poles, broken toilet pots and god knows what else. This has lead to the area becoming a dumping ground for garbage from nearby residents and this attracts a lot of stray cows and street dogs. Sometimes these street animals enter people homes and dirty the place with excrete and garbage bags.",Shanthi Nagar
Broken Storm Water Drains,Maruthi Mandira
Garbage,Gali Anjaneya Temple
Bad Roads,Ramamurthy Nagar
Stray Dogs,BTM Layout 
Streetlights,Horamavu
Hoardings,Vijnana Nagar
Land Pollution,Lingarajapura
Land and Property Encroachment - Others,Domlur
Electricity,Domlur
Others,Konena Agrahara
Bad Roads,Vishwanath Nagenahalli
Clearing of Blockage of Under Ground Drainage Pipelines and Replacement of Damaged or Missing Manhole Cover,Vishwanath Nagenahalli
Garbage,Rajarajeshwari Nagar 
Bad Roads,Vijnana Nagar
Garbage,Agaram
Garbage,Shakambari Nagar 
Others,Hoysala Nagar
Bad Roads,Katriguppe
Potholes,Dodda Nekkundi
"Stray Animals, Insects - Others",Konena Agrahara
Potholes,Varthur 
Footpaths,Dodda Nekkundi
Bad Roads,HAL Airport 
Garbage,Hoodi
Stray Dogs,Thanisandra
Poor Maintenance of Buildings and Heritage Sites,Hoysala Nagar
Others,Shantala Nagar
Garbage,Arekere
Flooding of Roads and Footpaths,Shakthi Ganapathi Nagar
Potholes,Pulikeshinagar
Footpaths,Bellanduru
NULL,Ulsoor
NULL,Pattabhiram Nagar 
Potholes,Vijnana Nagar
Traffic,C V Raman Nagar
Diseases,Konena Agrahara
Water Supply ,Jaraganahalli 
Bad Roads,Girinagar 
No Sewage Drains,Byrasandra 
Flooding of Roads and Footpaths,HAL Airport 
Stray Dogs,Kushal Nagar
Hawkers and Vendors,Lakkasandra 
Parks and playgrounds,Agaram
Garbage,Bellanduru
Air Pollution,Banasavadi
Flooding of Roads and Footpaths,Girinagar 
Water Meter,Rajarajeshwari Nagar 
Others,Jakkasandra
Birth or death certificate,Vishwanath Nagenahalli
Hoardings,Puttenahalli
Streetlights,A Narayanapura
Bad Roads,C V Raman Nagar
Others,Adugodi
Flooding of Roads and Footpaths,Vishwanath Nagenahalli
Garbage,Bellanduru
Streetlights,Hoodi
Bad Roads,Puttenahalli
Removal of Encroachment - Lakes,Gottigere
Potholes,Dodda Nekkundi
Bad Roads,Dodda Nekkundi
Traffic,Hagadur
Bad Roads,Basavanapura
Others,Shantala Nagar
Clearing of Blockage of Under Ground Drainage Pipelines and Replacement of Damaged or Missing Manhole Cover,Yelahanka Satellite Town 
Air Pollution,Kadugodi
Public Nuisance,Gottigere
Flooding of Roads and Footpaths,Thanisandra
BMTC - Need new Bus Route,Bilekahalli 
Garbage,Vidya Peeta 
Public Nuisance,Vannarpet
Electricity,Vijnanapura
Footpaths,Vishwanath Nagenahalli
BMTC - Driver or Conductor,Horamavu
Bad Roads,Byatarayanapura
Garbage,Konena Agrahara
Removal of Encroachment - Lakes,Bellanduru
Bad Roads,Dodda Nekkundi
Removal of Encroachment - Lakes,Hoodi
Traffic,Bellanduru
Stray Dogs,C V Raman Nagar
Bad Roads,A Narayanapura
Parks and playgrounds,C V Raman Nagar
Hawkers and Vendors,Chickpet
Footpaths,Jaraganahalli 
Bad Roads,HBR Layout
"Trees, Parks and Playgrounds - Others",Hoodi
Potholes,Garudachar Palya
Clearing of Blockage of Under Ground Drainage Pipelines and Replacement of Damaged or Missing Manhole Cover,Singasandra
Traffic,Dodda Nekkundi
Traffic,Dodda Nekkundi
Bad Roads,New Tippasandra
"Stray Animals, Insects - Others",Ganesh Mandir 
Autorickshaws and Taxis,Bellanduru
Bad Roads,Madivala 
Potholes,Singasandra
Hoardings,Kadugodi
Broken Storm Water Drains,Vishwanath Nagenahalli
Hoardings,Vasanth Nagar
Autorickshaws and Taxis,Vishwanath Nagenahalli
Bad Roads,Garudachar Palya
Stray Dogs,Kadugodi
Potholes,Arekere
Potholes,Begur 
Water Supply ,Begur 
Traffic,HMT
BMTC - Others,Dodda Nekkundi
Potholes,Arekere
Bad Roads,Peenya Industrial Area
Footpaths,Arekere
Hoardings,Arekere
Hoardings,Arekere
Hoardings,Chickpet
Water Supply ,Byatarayanapura
Eve Teasing,Kaval Bairasandra
Stray Dogs,Shakambari Nagar 
Bad Roads,K R Puram
Bad Roads,Basavanapura
Water Leakage,Hoodi
Potholes,Dodda Nekkundi
Potholes,K R Puram
Hawkers and Vendors,Arekere
Streetlights,Hoodi
Air Pollution,Garudachar Palya
Desilting - Lakes,Arekere
NULL,Gottigere
Bad Roads,Adugodi
Bad Roads,New Tippasandra
Traffic,Sampangiram Nagar
Desilting - Lakes,A Narayanapura
Others,Kadugodi
Bad Roads,Varthur 
Potholes,Jalahalli
Traffic,Dodda Nekkundi
Potholes,Kadugodi
Bad Roads,Konena Agrahara
Desilting - Lakes,Arekere
Stray Dogs,HBR Layout
Bad Roads,Kadugodi
Others,Sampangiram Nagar
Lakes - Others,HSR Layout 
Footpaths,Marathahalli
Potholes,Kodigehalli
Potholes,Vasanthapura
Need New Streetlights,Horamavu
Footpaths,Arekere
Electricity,New Tippasandra
Clearing of Blockage of Under Ground Drainage Pipelines and Replacement of Damaged or Missing Manhole Cover,Koramangala
BMTC - Need new Bus Route,Hoodi
Stray Dogs,Atturu
Hoardings,Shanthi Nagar
New Bus Shelters,Horamavu
Potholes,Kadugodi
Stray Dogs,Yediyur
Noise Pollution,Begur 
Crime and Safety - Others,Madivala 
Potholes,Garudachar Palya
New Bus Shelters,Hoodi
Streetlights,K R Puram
Flooding of Roads and Footpaths,Vishwanath Nagenahalli
Flooding of Roads and Footpaths,Vishwanath Nagenahalli
Water Supply ,K R Puram
Potholes,Dodda Nekkundi
Potholes,Dodda Nekkundi
Potholes,Dodda Nekkundi
Potholes,Dodda Nekkundi
Flooding of Roads and Footpaths,Heggenahali
Bad Roads,Kaval Bairasandra
Overflow of Storm Water Drains,Shettihalli
Potholes,Hoodi
Bad Roads,Horamavu
Streetlights,HSR Layout 
Water Supply ,HSR Layout 
Autorickshaws and Taxis,Aramane Nagara
Garbage,Jaraganahalli 
Potholes,Domlur
Potholes,Koramangala
Garbage,Singasandra
Footpaths,Hemmigepura
Illegal posters and Hoardings,Marathahalli
Bad Roads,Ramamurthy Nagar
Stray Dogs,Ramamurthy Nagar
Garbage,Maruthi Mandira
Diseases,Konankunte
Potholes,Konankunte
Bad Roads,Sudham Nagara
Others,Koramangala
Footpaths,Hoodi
Traffic,Hoodi
Autorickshaws and Taxis,Banasavadi
Water Leakage,Attiguppe
Garbage,HAL Airport 
Public Nuisance,Byatarayanapura
Land and Property Encroachment - Others,Benniganahalli
Sewage and Storm Water Drains - Others,Kacharkanahalli
Water Supply ,Sriramamandira 
BMTC - Need new Bus Route,Koramangala
Potholes,Bellanduru
Land Pollution,Vijnana Nagar
Electricity,Jalahalli
Streetlights,Attiguppe
No Sewage Drains,C V Raman Nagar
Others,New Tippasandra
Autorickshaws and Taxis,Subhash Nagar
Bad Roads,Jayanagar East 
Bad Roads,Koramangala
Bad Roads,JP Nagar 
Others,Singasandra
Bad Roads,Marathahalli
Stray Dogs,A Narayanapura
Potholes,Aramane Nagara
Garbage,Lakkasandra 
Others,Lakkasandra 
Potholes,Hombegowda Nagar 
Stray Dogs,Hoodi
Stray Dogs,Vidya Peeta 
Potholes,HAL Airport 
Water Supply and Services - Others,HBR Layout
Footpaths,Konena Agrahara
Stray Dogs,Byatarayanapura
Bad Roads,Hoodi
Traffic,Varthur 
Clearing of Blockage of Under Ground Drainage Pipelines and Replacement of Damaged or Missing Manhole Cover,Shantala Nagar
Water Supply ,Benniganahalli
Traffic,Kadugodi
Others,Uttarahalli
Others,Benniganahalli
Unauthorized Construction,New Tippasandra
Footpaths,New Tippasandra
Garbage,New Tippasandra
Unauthorized Construction,Madivala 
Others,Agaram
Bad Roads,New Tippasandra
Parking Violations,Attiguppe
Mosquitos,J P Park
Potholes,HBR Layout
Bad Roads,Vijnana Nagar
Flooding of Roads and Footpaths,Adugodi
Potholes,Sagayarapuram
Potholes,Sagayarapuram
BMTC - Others,Chikallasandra
Overflow of Storm Water Drains,Ganesh Mandir 
Mosquitos,Horamavu
Garbage,Konankunte
Sewage and Storm Water Drains - Others,Laggere
Need New Streetlights,Horamavu
Garbage,Vasanthapura
Garbage,Jayamahal
Clearing of Blockage of Under Ground Drainage Pipelines and Replacement of Damaged or Missing Manhole Cover,Ullalu 
 I have already submitted the document 7th Sep 2012 but still am not received the Identity card. Now i have temporary ID card that date already expired. I request you to issue the permanent ID card immediately. Regards Logesh.A,Singasandra
Stray Dogs,New Tippasandra
Diseases,Arekere
Water Leakage,Sriramamandira 
Bad Roads,Sriramamandira 
Clearing of Blockage of Under Ground Drainage Pipelines and Replacement of Damaged or Missing Manhole Cover,Bellanduru
Footpaths,Dodda Nekkundi
NULL,Kadugodi
Parking Violations,Byatarayanapura
BMTC - Others,Hoodi
Traffic,C V Raman Nagar
Bad Roads,Mangamannapalya
Others,Hagadur
Others,Kengeri 
Water Leakage,Jeevanbhima Nagar
Water Leakage,Jeevanbhima Nagar
Water Supply ,Sanjay Nagar
NULL,Puttenahalli
Potholes,Adugodi
Potholes,C V Raman Nagar
Flooding of Roads and Footpaths,C V Raman Nagar
Parks and playgrounds,C V Raman Nagar
Footpaths,Koramangala
Garbage,Ejipura
Bad Roads,Ejipura
Footpaths,Kacharkanahalli
Footpaths,Dodda Nekkundi
Clearing of Blockage of Under Ground Drainage Pipelines and Replacement of Damaged or Missing Manhole Cover,Jnana Bharathi
Bad Roads,Padmanabha Nagar 
Air Pollution,Ganesh Mandir 
Garbage,Ganesh Mandir 
Stray Dogs,Basaveshwara Nagar
Garbage,Shantala Nagar
Defacement of Trees,Koramangala
Garbage,Jayanagar 
Broken Storm Water Drains,Horamavu
New Bus Shelters,Deepanjali Nagar 
Others,Horamavu
Potholes,Hoodi
Potholes,Koramangala
Potholes,Thanisandra
Water Supply and Services - Others,Basavanapura
Bad Roads,Sarvagna Nagar
Bad Roads,Kadugodi
Public Nuisance,Kadugodi
Electricity,Jagajivanaramnagar
Streetlights,Jagajivanaramnagar
Garbage,Puttenahalli
Bad Roads,Vishveshwarapura
Need New Streetlights,Gottigere
Bad Roads,Begur 
Bad Roads,Begur 
Footpaths,Begur 
Garbage,Ganesh Mandir 
Stray Dogs,BTM Layout 
Garbage,Hoysala Nagar
Bad Roads,Ramamurthy Nagar
Need New Streetlights,Mangamannapalya
Need New Toilets ,Ganesh Mandir 
Need New Streetlights,HSR Layout 
Potholes,Sarakki
Streetlights,Dodda Nekkundi
Garbage,Ganesh Mandir 
Bad Roads,Dodda Nekkundi
Potholes,Agaram
Potholes,Aramane Nagara
Bad Roads,Madivala 
Footpaths,Maruthi Seva Nagar
Bad Roads,Vidyaranyapura
Overflow of Storm Water Drains,S K Garden
Potholes,Vijnanapura
Bad Roads,Hoodi
Garbage,Dodda Nekkundi
Parking Violations,Vannarpet
Potholes,Jayanagar East 
Water Supply ,Singasandra
NULL,Ramamurthy Nagar
Others,Ganesh Mandir 
Bad Roads,Basavanapura
Potholes,Domlur
Broken Storm Water Drains,Hoodi
Bad Roads,Arekere
Potholes,Begur 
Others,Vasanth Nagar
Water Pollution,Hagadur
Flooding of Roads and Footpaths,Sarakki
Stray Dogs,Ganesh Mandir 
Defacement of Buildings and Heritage Sites,HBR Layout
Electricity,Begur 
Bad Roads,Vijnana Nagar
Potholes,Kumaraswamy Layout 
Others,Banasavadi
Potholes,New Tippasandra
Traffic,Konena Agrahara
Streetlights,Thanisandra
Water Meter,Chokkasandra
Garbage,Rajagopalanagar
Bad Roads,Basavanapura
Bad Roads,Koramangala
Manholes,Koramangala
Bad Roads,Sanjay Nagar
Traffic,Marenahalli
Diseases,Heggenahali
Electricity,Padmanabha Nagar 
Traffic,Heggenahali
Water Supply and Services - Others,Kodigehalli
Bad Roads,Begur 
Potholes,Arekere
Traffic,Ejipura
Others,Gottigere
Traffic,Dodda Nekkundi
Garbage,Herohalli
Bad Roads,Gottigere
Bad Roads,Begur 
Bad Roads,Dodda Nekkundi
Air Pollution,Yelchenahalli 
Bad Roads,Bellanduru
Bad Roads,Vijnana Nagar
Garbage,Arekere
Clearing of Blockage of Under Ground Drainage Pipelines and Replacement of Damaged or Missing Manhole Cover,Shivaji Nagar
Water Leakage,JP Nagar 
Flooding of Roads and Footpaths,JP Nagar 
Water Supply ,Madivala 
Potholes,Bellanduru
Garbage,Anjanapura 
Clearing of Blockage of Under Ground Drainage Pipelines and Replacement of Damaged or Missing Manhole Cover,Domlur
Garbage,Hosakerehalli
Bad Roads,Varthur 
Crime and Safety - Others,Manorayanapalya
Footpaths,HAL Airport 
Bad Roads,Begur 
Garbage,Jaraganahalli 
Water Supply ,New Tippasandra
Others,Kacharkanahalli
Garbage,Vidya Peeta 
Bad Roads,HBR Layout
Garbage,Banashankari Temple
Streetlights,Ramamurthy Nagar
Air Pollution,Kaval Bairasandra
Footpaths,Bellanduru
Potholes,Sampangiram Nagar
Garbage,Vasanth Nagar
Potholes,Suddagunte Palya
Hawkers and Vendors,C V Raman Nagar
Parking Violations,HAL Airport 
Noise Pollution,Ullalu 
Bad Roads,Ullalu 
Garbage,Kaveripura
No Sewage Drains,Devasandra
Streetlights,Vijnana Nagar
Mosquitos,Byatarayanapura
Footpaths,HBR Layout
Garbage,Vidyaranyapura
Traffic,Jayanagar East 
Traffic,Vasanthapura
Bad Roads,Varthur 
Potholes,Peenya Industrial Area
Garbage,Vijnana Nagar
Potholes,Dodda Nekkundi
Garbage,Vijnana Nagar
Bad Roads,Sarvagna Nagar
Traffic,Dodda Nekkundi
Garbage,Bilekahalli 
Removal of Encroachment - Lakes,Bellanduru
Bad Roads,Marathahalli
Potholes,Koramangala
Stray Dogs,Banasavadi
Noise Pollution,Konena Agrahara
Public Nuisance,Katriguppe
Bad Roads,HAL Airport 
Potholes,Agaram
Water Supply and Services - Others,Sarakki
Need New Streetlights,Begur 
Potholes,Uttarahalli
Water Supply and Services - Others,HSR Layout 
Potholes,Pulikeshinagar
Bad Roads,HAL Airport 
Bad Roads,Anjanapura 
Unauthorized Tree Cutting,Kottigepalya
BMTC - Need new Bus Route,Vijnana Nagar
Potholes,Begur 
Traffic,Singasandra
Potholes,Hagadur
Potholes,Bellanduru
BMTC - Need new Bus Route,Maruthi Mandira
Potholes,Bilekahalli 
Desilting - Lakes,Yelahanka Satellite Town 
Garbage,Thanisandra
Others,Thanisandra
Bad Roads,Hoodi
Others,Puttenahalli
Bad Roads,Varthur 
Public Nuisance,Rajaji Nagar
Land Pollution,JP Nagar 
Stray Dogs,Bilekahalli 
Footpaths,Arekere
Potholes,Other
Potholes,Other
Potholes,Other
Bad Roads,Horamavu
Stray Dogs,Bellanduru
Bad Roads,Domlur
Bad Roads,Sagayarapuram
Others,Sarvagna Nagar
Stray Dogs,Shantala Nagar
Water Supply ,HSR Layout 
Noise Pollution,Gayathri Nagar
Bad Roads,Garudachar Palya
Public Nuisance,Dodda Nekkundi
Others,Gurappanpalya
Others,Hoodi
Noise Pollution,Byrasandra 
Water Supply and Services - Others,Thanisandra
Others,Hoodi
Stray Dogs,Vijnana Nagar
Stray Dogs,Vijnana Nagar
Traffic,Bellanduru
Stray Dogs,Banasavadi
Garbage,Dodda Nekkundi
Garbage,Dodda Nekkundi
Garbage,Dodda Nekkundi
Potholes,Begur 
Garbage,HBR Layout
Footpaths,Vijnana Nagar
Others,Hoodi
Water Leakage,Kaval Bairasandra
Potholes,Thanisandra
Potholes,Peenya Industrial Area
Garbage,Jalahalli
Others,Maruthi Seva Nagar
Stray Dogs,Padmanabha Nagar 
Potholes,Atturu
Traffic,Marathahalli
Stray Dogs,Jayachamarajendra Nagar
Garbage,Koramangala
Bad Roads,Sagayarapuram
Parking Violations,Srinagar
Potholes,Rajarajeshwari Nagar 
BMTC - Need new Bus Route,Shakambari Nagar 
Garbage,C V Raman Nagar
Water Leakage,Deepanjali Nagar 
Overflow of Storm Water Drains,HMT
Air Pollution,Shivanagar
Footpaths,T Dasarahalli
Clearing of Blockage of Under Ground Drainage Pipelines and Replacement of Damaged or Missing Manhole Cover,Basaveshwara Nagar
Others,Arekere
Flooding of Roads and Footpaths,HAL Airport 
Crime and Safety - Others,Lingarajapura
Garbage,Begur 
Parking Violations,Vasanthapura
NULL,Dodda Nekkundi
Garbage,Arekere
Garbage,Karisandra
Traffic,Uttarahalli
Land Pollution,Arekere
Footpaths,Byrasandra 
Air Pollution,Dodda Nekkundi
Garbage,Shantala Nagar
No Sewage Drains,Gottigere
Bad Roads,Shanthi Nagar
Footpaths,Byatarayanapura
Water Leakage,Dodda Nekkundi
Garbage,Karisandra
Clearing of Blockage of Under Ground Drainage Pipelines and Replacement of Damaged or Missing Manhole Cover,Sarvagna Nagar
Footpaths,Bilekahalli 
Footpaths,Bilekahalli 
Potholes,Kaval Bairasandra
Others,Dodda Nekkundi
Traffic,A Narayanapura
Footpaths,BTM Layout 
Streetlights,Atturu
Potholes,Gurappanpalya
Cattle,Bellanduru
Others,Thanisandra
Garbage,A Narayanapura
Others,Hanumantha Nagar
Garbage,Vasanthapura
Garbage,Uttarahalli
Bad Roads,Hampi Nagar
Bad Roads,Sanjay Nagar
Clearing of Blockage of Under Ground Drainage Pipelines and Replacement of Damaged or Missing Manhole Cover,HBR Layout
Potholes,Arekere
Garbage,Arekere
Footpaths,Puttenahalli
Water Supply ,C V Raman Nagar
Garbage,Shantala Nagar
BMTC - Others,HSR Layout 
Bad Roads,Marathahalli
Streetlights,Ramamurthy Nagar
Water Supply ,Byatarayanapura
Potholes,Varthur 
Bad Roads,Begur 
Flooding of Roads and Footpaths,Banasavadi
Traffic,Shakambari Nagar 
Potholes,Garudachar Palya
Bad Roads,Thanisandra
Unauthorized Construction,Agaram
Bad Roads,Rajarajeshwari Nagar 
Potholes,C V Raman Nagar
Bad Roads,Bilekahalli 
Others,Shantala Nagar
Clearing of Blockage of Under Ground Drainage Pipelines and Replacement of Damaged or Missing Manhole Cover,Shantala Nagar
Potholes,Koramangala
Garbage,Jayamahal
Garbage,Hoysala Nagar
Stray Dogs,K R Puram
Diseases,Mangamannapalya
BMTC - Need new Bus Route,Benniganahalli
Garbage,Hoysala Nagar
Garbage,New Tippasandra
Bad Roads,HAL Airport 
Bad Roads,Hosakerehalli
Diseases,Sagayarapuram
Potholes,Varthur 
Air Pollution,Mahalakshimpuram
Birth or death certificate,Manorayanapalya
Parking Violations,S K Garden
Traffic,Garudachar Palya
Bad Roads,K R Puram
Bad Roads,A Narayanapura
Clearing of Blockage of Under Ground Drainage Pipelines and Replacement of Damaged or Missing Manhole Cover,Konankunte
Stray Dogs,Jeevanbhima Nagar
Stray Dogs,K R Puram
Water Leakage,Bilekahalli 
Bad Roads,HAL Airport 
Bad Roads,Hagadur
Traffic,Marappana Palya
Hoardings,Begur 
Others,Mattikere
Parking Violations,Kadu Malleshwara
Stray Dogs,Rajarajeshwari Nagar 
BMTC - Need new Bus Route,Kadugodi
Stray Dogs,Hemmigepura
Stray Dogs,Ullalu 
Stray Dogs,Hemmigepura
Autorickshaws and Taxis,Gandhi Nagar
Traffic,Shivaji Nagar
Potholes,Nagarabhavi 
New Bus Shelters,Ullalu 
Potholes,Bellanduru
Overflow of Storm Water Drains,Madivala 
Traffic,Hoysala Nagar
Streetlights,Begur 
Clearing of Blockage of Under Ground Drainage Pipelines and Replacement of Damaged or Missing Manhole Cover,Horamavu
Potholes,Ulsoor
Footpaths,Dodda Nekkundi
Stray Dogs,Horamavu
Others,Manorayanapalya
Garbage,Gurappanpalya
Manholes,Puttenahalli
Others,Anjanapura 
Public Nuisance,Dodda Nekkundi
Garbage,Hoodi
Garbage,New Tippasandra
Traffic,Bellanduru
Stray Dogs,Ganesh Mandir 
Garbage,Attiguppe
Bad Roads,Hombegowda Nagar 
Others,Byatarayanapura
Others,Hoysala Nagar
Bad Roads,Nagapura
Clearing of Blockage of Under Ground Drainage Pipelines and Replacement of Damaged or Missing Manhole Cover,C V Raman Nagar
Hoardings,BTM Layout 
Others,Shantala Nagar
No Sewage Drains,S K Garden
Footpaths,HMT
Clearing of Blockage of Under Ground Drainage Pipelines and Replacement of Damaged or Missing Manhole Cover,S K Garden
Garbage,Sanjay Nagar
Stray Dogs,Horamavu
Clearing of Blockage of Under Ground Drainage Pipelines and Replacement of Damaged or Missing Manhole Cover,Arekere
Garbage,Suddagunte Palya
Traffic,A Narayanapura
Traffic,Gangenahalli
Stray Dogs,Jayachamarajendra Nagar
Water Supply and Services - Others,Bellanduru
Clearing of Blockage of Under Ground Drainage Pipelines and Replacement of Damaged or Missing Manhole Cover,Shantala Nagar
Others,Marathahalli
Electricity,Malleswaram
Water Leakage,Ganesh Mandir 
Water Supply ,Padmanabha Nagar 
Streetlights,Padmanabha Nagar 
Public Nuisance,Shantala Nagar
Stray Dogs,Jakkuru
Manholes,HSR Layout 
Noise Pollution,Jakkuru
Potholes,Devasandra
Water Supply ,Banasavadi
Garbage,Sarakki
Others,Dodda Nekkundi
Bad Roads,Varthur 
Garbage,Arekere
Stray Dogs,Ramamurthy Nagar
Streetlights,Ramamurthy Nagar
Potholes,Varthur 
Broken Storm Water Drains,Varthur 
Stray Dogs,Varthur 
Overflow of Storm Water Drains,Anjanapura 
Parking Violations,HSR Layout 
Garbage,Thanisandra
Garbage,Kacharkanahalli
Mosquitos,Ganesh Mandir 
Bad Roads,Katriguppe
Need New Streetlights,Gottigere
Potholes,Sampangiram Nagar
Potholes,Begur 
Garbage,Vidyaranyapura
Parking Violations,Kaval Bairasandra
Streetlights,Kaval Bairasandra
Water Leakage,Shantala Nagar
Garbage,Dodda Nekkundi
Garbage,Bellanduru
Bad Roads,Jalahalli
Streetlights,Hoodi
Stray Dogs,HSR Layout 
Streetlights,Bilekahalli 
Streetlights,Arekere
Bad Roads,Vijnana Nagar
Bad Roads,Varthur 
BMTC - Need new Bus Route,Vijnana Nagar
Potholes,Radhakrishna Temple 
Potholes,Kaval Bairasandra
Bad Roads,Vijnana Nagar
BMTC - Others,Devasandra
Garbage,Begur 
Public Nuisance,Manorayanapalya
Noise Pollution,A Narayanapura
Garbage,Begur 
Noise Pollution,Domlur
Garbage,Marenahalli
Streetlights,Jayanagar 
Parking Violations,Benniganahalli
Removal of Encroachment - Lakes,Varthur 
Others,Begur 
Footpaths,Kacharkanahalli
Footpaths,Ullalu 
"Trees, Parks and Playgrounds - Others",Kacharkanahalli
Land Pollution,New Tippasandra
Defacement of Buildings and Heritage Sites,Vidyaranyapura
New Bus Shelters,Ullalu 
Bad Roads,T Dasarahalli
Potholes,Vasanth Nagar
Crime and Safety - Others,Marathahalli
Others,Bellanduru
Electricity,Shantala Nagar
Clearing of Blockage of Under Ground Drainage Pipelines and Replacement of Damaged or Missing Manhole Cover,HBR Layout
Bad Roads,JP Nagar 
BMTC - Need new Bus Route,Dodda Nekkundi
Water Supply ,Vasanthapura
Electricity,K R Puram
Clearing of Blockage of Under Ground Drainage Pipelines and Replacement of Damaged or Missing Manhole Cover,Bellanduru
Footpaths,Varthur 
Garbage,HSR Layout 
Garbage,HSR Layout 
Garbage,Katriguppe
Bad Roads,JP Nagar 
Garbage,Kempegowda
Poor Maintenance of Buildings and Heritage Sites,BTM Layout 
NULL,BTM Layout 
Flooding of Roads and Footpaths,Bellanduru
Garbage,Gurappanpalya
"Trees, Parks and Playgrounds - Others",Banasavadi
Potholes,Maruthi Seva Nagar
Diseases,Byatarayanapura
Bad Roads,C V Raman Nagar
Clearing of Blockage of Under Ground Drainage Pipelines and Replacement of Damaged or Missing Manhole Cover,Hoysala Nagar
Bad Roads,T Dasarahalli
Others,Agrahara Dasarahalli
Garbage,Ejipura
Water Leakage,Hoodi
Bad Roads,Vijnana Nagar
Footpaths,Basaveshwara Nagar
Overflow of Storm Water Drains,Yelahanka Satellite Town 
Bad Roads,Yelahanka Satellite Town 
Diseases,Yelahanka Satellite Town 
Parking Violations,Basaveshwara Nagar
Others,Vasanth Nagar
Garbage,Byatarayanapura
Stray Dogs,Kumaraswamy Layout 
Stray Dogs,Sanjay Nagar
Water Supply ,Nagavara
Cattle,Jayamahal
Garbage,Sanjay Nagar
Others,Koramangala
Others,Suddagunte Palya
Bad Roads,Varthur 
Air Pollution,Ganesh Mandir 
Footpaths,Vijnana Nagar
Streetlights,Subramanya Nagar
Flooding of Roads and Footpaths,Dodda Nekkundi
Potholes,Dodda Nekkundi
Potholes,Bellanduru
Water Supply ,Jayachamarajendra Nagar
BMTC - Need new Bus Route,Hoodi
Crime and Safety - Others,Pulikeshinagar
Traffic,Dodda Nekkundi
Potholes,Begur 
Stray Dogs,Horamavu
Garbage,Dodda Nekkundi
Need New Streetlights,Dodda Nekkundi
Bad Roads,Kaval Bairasandra
Potholes,Dodda Nekkundi
Stray Dogs,Bilekahalli 
Bad Roads,Vijnana Nagar
Bad Roads,Bellanduru
Others,Jayanagar East 
Traffic,Pulikeshinagar
Fire Extinguisher Expired or Blocked,Arekere
Hoardings,BTM Layout 
Unauthorized Construction,Konena Agrahara
Water Leakage,Sunkenahalli
Hawkers and Vendors,HAL Airport 
Hawkers and Vendors,HAL Airport 
Flooding of Roads and Footpaths,Varthur 
Others,Banasavadi
Unauthorized Construction,Kottigepalya
Garbage,Kumaraswamy Layout 
Bad Roads,Koramangala
Need New Streetlights,Kempegowda
Footpaths,Bilekahalli 
Garbage,Bilekahalli 
Stray Dogs,Gandhi Nagar
Stray Dogs,Hoysala Nagar
Potholes,Koramangala
Water Meter,Puttenahalli
Bad Roads,Koramangala
Potholes,Hagadur
Traffic,Benniganahalli
Others,Begur 
Water Leakage,Shanthi Nagar
Overflow of Storm Water Drains,Anjanapura 
Traffic,JP Nagar 
Potholes,Malleswaram
Fire Exit Blocked ,Hagadur
Others,Jayanagar East 
Garbage,HSR Layout 
Bad Roads,HMT
Bad Roads,Marathahalli
Hoardings,Dodda Nekkundi
Garbage,Begur 
Garbage,Agaram
Footpaths,Agaram
Stray Dogs,Koramangala
Traffic,New Tippasandra
Bad Roads,A Narayanapura
Overflow of Storm Water Drains,Hebbal
Garbage,Madivala 
Traffic,Madivala 
Noise Pollution,Banasavadi
Public Nuisance,JP Nagar 
Bad Roads,Bilekahalli 
Potholes,Kadugodi
Others,Dodda Nekkundi
Others,Bellanduru
Others,Hemmigepura
Traffic,Dodda Nekkundi
Garbage,Sriramamandira 
Bad Roads,HBR Layout
NULL,Kadugodi
Traffic,Dodda Nekkundi
Flooding of Roads and Footpaths,Hosahalli
Water Supply and Services - Others,Shanthi Nagar
Overflow of Storm Water Drains,Sampangiram Nagar
Garbage,Maruthi Mandira
Parks and playgrounds,Devasandra
No Sewage Drains,Bellanduru
Stray Dogs,New Tippasandra
Garbage,Aramane Nagara
Others,BTM Layout 
Unauthorized Construction,Kottigepalya
Others,Hoodi
Electricity,Hoodi
Stray Dogs,Bilekahalli 
Footpaths,A Narayanapura
Bad Roads,Vijnanapura
Flooding of Roads and Footpaths,Varthur 
Potholes,Garudachar Palya
Water Supply and Services - Others,Uttarahalli
BMTC - Need new Bus Route,Hoodi
Manholes,Hoodi
Bad Roads,Dodda Nekkundi
Potholes,Cottonpete
Bad Roads,Heggenahali
Desilting - Lakes,Hoodi
Air Pollution,Ganesh Mandir 
Potholes,Horamavu
Potholes,Hagadur
Garbage,Hoysala Nagar
Potholes,HSR Layout 
Streetlights,Marathahalli
Footpaths,Anjanapura 
Garbage,Manorayanapalya
Stray Dogs,Ramamurthy Nagar
No Sewage Drains,Ramamurthy Nagar
Potholes,JP Nagar 
Potholes,Jayanagar 
Traffic,Jayanagar East 
Crime and Safety - Others,Horamavu
Bad Roads,Dharmaraya Swamy Temple
Public Nuisance,Singasandra
BMTC - Need new Bus Route,Arekere
Parks and playgrounds,Vijnanapura
Public Nuisance,Singasandra
Bad Roads,Jnana Bharathi
Water Supply ,Adugodi
NULL,Katriguppe
Potholes,HSR Layout 
Garbage,Hanumantha Nagar
Potholes,Hagadur
Bad Roads,Bellanduru
Potholes,Shantala Nagar
Desilting - Lakes,BTM Layout 
Others,Shantala Nagar
Potholes,Jayamahal
Potholes,Ganga Nagar
Garbage,Byatarayanapura
Potholes,Subhash Nagar
Potholes,Bellanduru
Potholes,T Dasarahalli
Garbage,Begur 
Potholes,Horamavu
Flooding of Roads and Footpaths,Begur 
Potholes,Jalahalli
Desilting - Lakes,Konankunte
Potholes,HAL Airport 
Garbage,Varthur 
Potholes,Bellanduru
Bad Roads,Begur 
Potholes,Vishveshwarapura
Potholes,HSR Layout 
Potholes,Shantala Nagar
Potholes,Marathahalli
Potholes,HSR Layout 
Bad Roads,Horamavu
Potholes,Ganga Nagar
Potholes,Sudham Nagara
Potholes,Varthur 
Potholes,K R Puram
Potholes,HSR Layout 
Potholes,Bellanduru
Potholes,Dodda Nekkundi
Potholes,Begur 
Potholes,Varthur 
Potholes,Byatarayanapura
Potholes,Bellanduru
Potholes,Hoodi
Traffic,Hoodi
BMTC - Others,Kadugodi
Potholes,Dodda Nekkundi
Others,Jayamahal
Unauthorized Tree Cutting,Sampangiram Nagar
Potholes,Ulsoor
Potholes,Gandhi Nagar
Bad Roads,Shanthi Nagar
Potholes,Dodda Nekkundi
Potholes,Dodda Nekkundi
Potholes,HSR Layout 
Potholes,Dodda Nekkundi
Potholes,Dodda Nekkundi
Potholes,A Narayanapura
Potholes,Sampangiram Nagar
Bad Roads,Peenya Industrial Area
Electricity,Laggere
Potholes,HAL Airport 
Potholes,Dodda Nekkundi
Potholes,Agaram
Potholes,HSR Layout 
Potholes,Hagadur
Garbage,Sanjay Nagar
Potholes,HAL Airport 
Potholes,Sagayarapuram
Potholes,A Narayanapura
Water Supply ,Ramamurthy Nagar
Potholes,Ramamurthy Nagar
Potholes,Shantala Nagar
Hoardings,Ramamurthy Nagar
Potholes,HAL Airport 
Potholes,HBR Layout
Potholes,Dodda Nekkundi
Potholes,Shivaji Nagar
Potholes,Vijnana Nagar
Potholes,Bellanduru
Potholes,Bellanduru
Potholes,Dodda Nekkundi
Potholes,Uttarahalli
Potholes,Bellanduru
Potholes,Varthur 
Potholes,HAL Airport 
Bad Roads,JP Nagar 
Potholes,Bellanduru
"Trees, Parks and Playgrounds - Others",Ganesh Mandir 
Potholes,Hagadur
Potholes,Sarvagna Nagar
Hoardings,T Dasarahalli
Potholes,Nagavara
Potholes,HAL Airport 
Potholes,Bellanduru
Potholes,Marathahalli
Streetlights,HAL Airport 
Bad Roads,New Tippasandra
Potholes,Sampangiram Nagar
Potholes,HAL Airport 
Potholes,Byatarayanapura
Potholes,Lakkasandra 
Potholes,Begur 
Bad Roads,Hagadur
Potholes,Thanisandra
Bad Roads,Konena Agrahara
Water Leakage,Sarakki
Potholes,HAL Airport 
Potholes,Kodigehalli
Electricity,Vrushabhavathi Nagar
Potholes,Jayamahal
Garbage,Shanthi Nagar
Potholes,Vijnana Nagar
Potholes,C V Raman Nagar
Others,Shantala Nagar
Hawkers and Vendors,Benniganahalli
Desilting - Lakes,Gottigere
Potholes,Bellanduru
Parks and playgrounds,Banasavadi
Bad Roads,Peenya Industrial Area
Water Leakage,Horamavu
Traffic,Horamavu
Electricity,Jakkuru
Bad Roads,Vijnana Nagar
Potholes,Dodda Nekkundi
Potholes,Ejipura
Potholes,Bellanduru
Bad Roads,Devasandra
Garbage,HBR Layout
Parks and playgrounds,Vijnanapura
Electricity,Jalahalli
Garbage,HSR Layout 
Potholes,Hagadur
Others,Gurappanpalya
Broken Storm Water Drains,Dodda Nekkundi
Clearing of Blockage of Under Ground Drainage Pipelines and Replacement of Damaged or Missing Manhole Cover,Banasavadi
Overflow of Storm Water Drains,Hoodi
Potholes,Sagayarapuram
Potholes,Vishveshwarapura
Flooding of Roads and Footpaths,Sudham Nagara
Garbage,Agaram
Potholes,Dodda Nekkundi
Overflow of Storm Water Drains,Ramamurthy Nagar
Noise Pollution,Hoodi
Potholes,Bellanduru
Garbage,Sampangiram Nagar
Potholes,Thanisandra
Garbage,Banasavadi
Potholes,Banasavadi
Garbage,Adugodi
Flooding of Roads and Footpaths,Hagadur
Clearing of Blockage of Under Ground Drainage Pipelines and Replacement of Damaged or Missing Manhole Cover,Suddagunte Palya
NULL,Karisandra
Potholes,Ramamurthy Nagar
Stray Dogs,Bilekahalli 
NULL,Sriramamandira 
Bad Roads,Horamavu
Footpaths,Shakthi Ganapathi Nagar
Hawkers and Vendors,Arekere
Footpaths,Prakash Nagar
Flooding of Roads and Footpaths,Dodda Nekkundi
Need New Toilets ,Vasanth Nagar
Potholes,Garudachar Palya
Removal of Encroachment - Lakes,Mangamannapalya
Overflow of Storm Water Drains,Sampangiram Nagar
Garbage,Bellanduru
Potholes,Bilekahalli 
Water Leakage,Dodda Nekkundi
Potholes,Sarakki
Bad Roads,Sarakki
NULL,Sriramamandira 
Clearing of Blockage of Under Ground Drainage Pipelines and Replacement of Damaged or Missing Manhole Cover,Hagadur
Potholes,Atturu
Potholes,Bellanduru
Potholes,Bilekahalli 
Parking Violations,Ulsoor
Bad Roads,Begur 
Garbage,Hoysala Nagar
Bad Roads,Begur 
Electricity,Begur 
Bad Roads,Lakkasandra 
Clearing of Blockage of Under Ground Drainage Pipelines and Replacement of Damaged or Missing Manhole Cover,Domlur
Bad Roads,Begur 
Potholes,Koramangala
Potholes,HSR Layout 
Potholes,Dodda Nekkundi
Hoardings,Jeevanbhima Nagar
Potholes,Nagarabhavi 
Footpaths,Dodda Nekkundi
Water Supply ,Ganesh Mandir 
Need New Streetlights,Ramamurthy Nagar
Bad Roads,Dodda Nekkundi
Clearing of Blockage of Under Ground Drainage Pipelines and Replacement of Damaged or Missing Manhole Cover,Ramamurthy Nagar
Potholes,Jogupalya
Streetlights,Gottigere
Potholes,Vijnana Nagar
Potholes,Sagayarapuram
Garbage,Bilekahalli 
Garbage,Bilekahalli 
Garbage,Bilekahalli 
Garbage,Bilekahalli 
Garbage,Bilekahalli 
Garbage,Bilekahalli 
Others,Begur 
NULL,Sanjay Nagar
Potholes,Banasavadi
Potholes,Benniganahalli
Bad Roads,Hagadur
Garbage,Atturu
Stray Dogs,Hongasandra 
Garbage,Yeshwanthpura
Others,Thanisandra
Bad Roads,Jalahalli
BMTC - Need new Bus Route,Hoysala Nagar
Water Supply ,Hoodi
Garbage,Sunkenahalli
Potholes,Rajarajeshwari Nagar 
Bad Roads,Vidyaranyapura
Potholes,Sampangiram Nagar
Bad Roads,Lakkasandra 
Streetlights,Jnana Bharathi
Potholes,Laggere
"Stray Animals, Insects - Others",Basavanapura
Potholes,Rajarajeshwari Nagar 
Stray Dogs,Shantala Nagar
Traffic,Kadugodi
Garbage,JP Nagar 
Need New Toilets ,Ganga Nagar
Bad Roads,Kaval Bairasandra
Potholes,Sunkenahalli
Others,Suddagunte Palya
Others,Suddagunte Palya
Potholes,Chikallasandra
Footpaths,Agaram
Traffic,Jayanagar East 
Potholes,HBR Layout
Others,Vijnana Nagar
Potholes,Muneshwara Nagar
Birth or death certificate,Gurappanpalya
Streetlights,Arekere
Potholes,Vidya Peeta 
Traffic,Shanthi Nagar
Potholes,Devasandra
Traffic,Shantala Nagar
Noise Pollution,Hoodi
Potholes,Marathahalli
Others,Hoodi
Potholes,Dodda Nekkundi
Potholes,Dodda Nekkundi
Water Leakage,Vijnanapura
Cattle,Jaraganahalli 
Others,Shantala Nagar
Potholes,Vijnana Nagar
Traffic,Bellanduru
Bad Roads,Hagadur
Streetlights,Hagadur
Others,Kuvempu Nagar
Garbage,HSR Layout 
Water Meter,Puttenahalli
Potholes,HAL Airport 
Potholes,Marathahalli
"Stray Animals, Insects - Others",Bellanduru
Potholes,Nayandahalli
Broken Storm Water Drains,Sampangiram Nagar
Parks and playgrounds,Aramane Nagara
Bad Roads,Rajarajeshwari Nagar 
Potholes,Sampangiram Nagar
BMTC - Others,HSR Layout 
Hawkers and Vendors,Puttenahalli
Potholes,Nagapura
Parking Violations,Nagapura
Potholes,Sagayarapuram
Potholes,Domlur
Bad Roads,A Narayanapura
BMTC - Others,Sampangiram Nagar
Need New Streetlights,Kempegowda
Traffic,Hoodi
Potholes,Shantala Nagar
Garbage,Ramamurthy Nagar
Potholes,Gandhi Nagar
Removal of Encroachment - Lakes,Arekere
Footpaths,Kadugodi
Potholes,Basavanapura
Potholes,Garudachar Palya
Potholes,Agaram
Others,Suddagunte Palya
Bad Roads,Padmanabha Nagar 
Desilting - Lakes,Arekere
Air Pollution,Dodda Nekkundi
Air Pollution,Dodda Nekkundi
Potholes,HAL Airport 
Streetlights,Hosahalli
No Sewage Drains,Hemmigepura
"Stray Animals, Insects - Others",Bellanduru
Potholes,Hagadur
Others,Ulsoor
Traffic,Vijnana Nagar
Others,Konena Agrahara
Potholes,Thanisandra
Bad Roads,Shanthi Nagar
Bad Roads,BTM Layout 
Air Pollution,Dodda Nekkundi
Others,Thanisandra
Potholes,Hagadur
Parks and playgrounds,BTM Layout 
Garbage,Konena Agrahara
Potholes,Bilekahalli 
Flooding of Roads and Footpaths,Horamavu
Potholes,Shantala Nagar
Traffic,Bilekahalli 
Potholes,Shantala Nagar
Water Leakage,HSR Layout 
Garbage,BTM Layout 
Potholes,Bellanduru
Diseases,Dodda Nekkundi
Parks and playgrounds,Nagapura
Bad Roads,Vidyaranyapura
Potholes,HSR Layout 
Bad Roads,Bellanduru
Stray Dogs,Rajarajeshwari Nagar 
Streetlights,Varthur 
Bad Roads,Shantala Nagar
Potholes,Suddagunte Palya
Unauthorized Tree Cutting,Shantala Nagar
Potholes,HAL Airport 
Garbage,Sriramamandira 
Potholes,Konena Agrahara
Diseases,Sriramamandira 
Potholes,Marathahalli
Potholes,Hemmigepura
Potholes,Bellanduru
Garbage,Arekere
Potholes,Bilekahalli 
Potholes,Shantala Nagar
Clearing of Blockage of Under Ground Drainage Pipelines and Replacement of Damaged or Missing Manhole Cover,Shanthi Nagar
Clearing of Blockage of Under Ground Drainage Pipelines and Replacement of Damaged or Missing Manhole Cover,Kuvempu Nagar
Others,New Tippasandra
Bad Roads,K R Puram
Garbage,Hosahalli
Flooding of Roads and Footpaths,Varthur 
Potholes,Vidyaranyapura
Potholes,Vasanthapura
Garbage,Gottigere
Footpaths,Konankunte
Potholes,Bellanduru
Potholes,Pulikeshinagar
Others,Shantala Nagar
Bad Roads,Singasandra
Electricity,Horamavu
Others,Konena Agrahara
Water Supply ,Vijnana Nagar
Noise Pollution,Konankunte
Bad Roads,Vijnana Nagar
Footpaths,Vijnana Nagar
Mosquitos,Hoodi
Potholes,Other
Potholes,Other
Potholes,Other
Traffic,Bellanduru
Bad Roads,Varthur 
Others,Vasanth Nagar
Streetlights,Puttenahalli
Garbage,Horamavu
Garbage,Radhakrishna Temple 
Potholes,Bilekahalli 
Potholes,Konena Agrahara
Potholes,Agaram
Traffic,A Narayanapura
Bad Roads,Kacharkanahalli
Bad Roads,Hemmigepura
Garbage,Rajarajeshwari Nagar 
Potholes,Suddagunte Palya
Potholes,Anjanapura 
Potholes,Anjanapura 
Potholes,Nagarabhavi 
Bad Roads,New Tippasandra
Potholes,Rajarajeshwari Nagar 
Potholes,HAL Airport 
Potholes,HAL Airport 
Potholes,Varthur 
Potholes,Dodda Nekkundi
Bad Roads,HAL Airport 
Potholes,Bellanduru
Potholes,Begur 
Bad Roads,Bilekahalli 
Clearing of Blockage of Under Ground Drainage Pipelines and Replacement of Damaged or Missing Manhole Cover,Bellanduru
Electricity,Chokkasandra
Bad Roads,Dodda Nekkundi
Potholes,HAL Airport 
Potholes,Bellanduru
Potholes,Varthur 
Potholes,Shantala Nagar
Stray Dogs,A Narayanapura
Potholes,HSR Layout 
Stray Dogs,Vijnana Nagar
Footpaths,Malleswaram
Hoardings,Vijnana Nagar
Parking Violations,Kamakshipalya
Potholes,Hosakerehalli
Potholes,Hosakerehalli
Garbage,Domlur
Potholes,Shakambari Nagar 
Streetlights,Shakambari Nagar 
Bad Roads,Bellanduru
Flooding of Roads and Footpaths,Varthur 
Eve Teasing,Vasanth Nagar
Bad Roads,Sudham Nagara
Bad Roads,Dodda Nekkundi
Potholes,Shantala Nagar
Diseases,Marappana Palya
Potholes,Vidya Peeta 
Potholes,Shantala Nagar
Bad Roads,JP Nagar 
Potholes,Devasandra
Stray Dogs,Atturu
Bad Roads,Atturu
Garbage,Banasavadi
Bad Roads,Jalahalli
BMTC - Need new Bus Route,Vidyaranyapura
Potholes,Shantala Nagar
Others,Anjanapura 
Potholes,Hoodi
Water Supply ,Thanisandra
Bad Roads,Anjanapura 
Water Supply ,Varthur 
Parking Violations,Ulsoor
Others,Shantala Nagar
Need New Streetlights,Hagadur
Stray Dogs,Hagadur
Bad Roads,Horamavu
Need New Streetlights,Agaram
Bad Roads,Byatarayanapura
Crime and Safety - Others,Vidyaranyapura
Need New Streetlights,Begur 
Potholes,Varthur 
Potholes,Vijnana Nagar
Potholes,Koramangala
Bad Roads,Koramangala
Others,Suddagunte Palya
Potholes,Vijnana Nagar
Bad Roads,Begur 
Bad Roads,Begur 
Potholes,Agaram
Bad Roads,Dodda Nekkundi
Footpaths,Dodda Nekkundi
Bad Roads,Dodda Nekkundi
Autorickshaws and Taxis,Byatarayanapura
Garbage,Hemmigepura
Potholes,Shantala Nagar
Potholes,Dodda Nekkundi
Potholes,Dodda Nekkundi
Electricity,Hoodi
Potholes,Vijnana Nagar
Stray Dogs,Dodda Nekkundi
Traffic,Rajarajeshwari Nagar 
Bad Roads,Garudachar Palya
Autorickshaws and Taxis,Hagadur
Need New Streetlights,Garudachar Palya
Bad Roads,Dodda Nekkundi
Traffic,Dodda Nekkundi
Potholes,Dodda Nekkundi
Bad Roads,Hosakerehalli
Electricity,Jayanagar 
Stray Dogs,Dodda Nekkundi
Parking Violations,Horamavu
Bad Roads,Jayanagar East 
New Bus Shelters,New Tippasandra
Bad Roads,Dodda Nekkundi
Potholes,New Tippasandra
Others,Sarvagna Nagar
Diseases,New Tippasandra
Bad Roads,HAL Airport 
Noise Pollution,Garudachar Palya
Water Supply ,Vidyaranyapura
Water Supply and Services - Others,Vidyaranyapura
Clearing of Blockage of Under Ground Drainage Pipelines and Replacement of Damaged or Missing Manhole Cover,Konena Agrahara
Potholes,Begur 
Need New Streetlights,Begur 
Potholes,Kammanahalli
Autorickshaws and Taxis,Arekere
Clearing of Blockage of Under Ground Drainage Pipelines and Replacement of Damaged or Missing Manhole Cover,Maruthi Seva Nagar
Potholes,Hoodi
Stray Dogs,Shantala Nagar
Bad Roads,Vijnana Nagar
Garbage,JP Nagar 
Bad Roads,Dodda Nekkundi
Need New Streetlights,Begur 
Potholes,Jeevanbhima Nagar
Potholes,Thanisandra
Garbage,Thanisandra
Potholes,New Tippasandra
Garbage,Hoysala Nagar
NULL,Bellanduru
Water Supply and Services - Others,Bellanduru
Desilting - Lakes,Varthur 
Bad Roads,Vijnana Nagar
Garbage,Dodda Nekkundi
Potholes,Jeevanbhima Nagar
Potholes,Shantala Nagar
Potholes,Bilekahalli 
Potholes,Bellanduru
Crime and Safety - Others,Banasavadi
Potholes,New Tippasandra
Garbage,Gottigere
Others,Herohalli
Potholes,HBR Layout
Cattle,Gandhi Nagar
Water Supply ,Vannarpet
Potholes,Shantala Nagar
Potholes,HAL Airport 
Potholes,Garudachar Palya
Electricity,K R Puram
Unauthorized Tree Cutting,New Tippasandra
Potholes,Peenya Industrial Area
Potholes,Varthur 
Bad Roads,Dodda Nekkundi
Potholes,Shanthi Nagar
Potholes,Peenya Industrial Area
Potholes,Marathahalli
Potholes,Pattabhiram Nagar 
Bad Roads,Shantala Nagar
Bad Roads,A Narayanapura
Potholes,Dodda Nekkundi
Potholes,HBR Layout
Potholes,Chickpet
Need New Streetlights,Arekere
Garbage,Maruthi Mandira
Potholes,Shakambari Nagar 
Potholes,Dodda Nekkundi
Unauthorized Construction,Shanthi Nagar
Mosquitos,Domlur
Potholes,Mattikere
Diseases,Koramangala
Potholes,Jeevanbhima Nagar
Potholes,New Tippasandra
Stray Dogs,A Narayanapura
Garbage,Kacharkanahalli
Potholes,Shanthi Nagar
Potholes,Garudachar Palya
Parking Violations,Kammanahalli
Garbage,Karisandra
Potholes,A Narayanapura
Garbage,Singasandra
Footpaths,Sarvagna Nagar
Garbage,Begur 
Electricity,Begur 
Traffic,Benniganahalli
Stray Dogs,Begur 
Garbage,BTM Layout 
Bad Roads,Ejipura
Potholes,Bellanduru
Garbage,Shantala Nagar
Bad Roads,Bommanahalli
Others,Hoodi
Broken Storm Water Drains,Padmanabha Nagar 
NULL,Bellanduru
Potholes,HAL Airport 
Potholes,Rajarajeshwari Nagar 
Garbage,Chamrajapet
Garbage,Dodda Nekkundi
Bad Roads,Devasandra
Bad Roads,Rajarajeshwari Nagar 
Potholes,New Tippasandra
Potholes,Dodda Nekkundi
Bad Roads,Dodda Nekkundi
Potholes,Dodda Nekkundi
Footpaths,C V Raman Nagar
Parking Violations,C V Raman Nagar
Potholes,C V Raman Nagar
Traffic,Hoysala Nagar
Bad Roads,Hoodi
Parking Violations,Vijnana Nagar
Traffic,Dodda Nekkundi
Garbage,A Narayanapura
Potholes,Dodda Nekkundi
Bad Roads,Dodda Nekkundi
Bad Roads,Marathahalli
Bad Roads,Dodda Nekkundi
Traffic,Dodda Nekkundi
Potholes,Gali Anjaneya Temple
Garbage,Dodda Nekkundi
Potholes,Bellanduru
Garbage,Varthur 
Bad Roads,Begur 
Footpaths,A Narayanapura
Bad Roads,Jayanagar 
Potholes,HSR Layout 
Manholes,Arekere
Others,Sriramamandira 
Traffic,Kammanahalli
Bad Roads,Marathahalli
Bad Roads,Rajaji Nagar
Clearing of Blockage of Under Ground Drainage Pipelines and Replacement of Damaged or Missing Manhole Cover,Vijnana Nagar
Bad Roads,Begur 
Bad Roads,JP Nagar 
Bad Roads,Jayachamarajendra Nagar
Others,Hombegowda Nagar 
Bad Roads,Vijnanapura
Traffic,HSR Layout 
Overflow of Storm Water Drains,Dodda Nekkundi
Bad Roads,Bellanduru
 not daily. Dogs and cows lie on top of the garbage spreading it around,Arekere
BMTC - Others,C V Raman Nagar
Clearing of Blockage of Under Ground Drainage Pipelines and Replacement of Damaged or Missing Manhole Cover,Puttenahalli
Others,Mattikere
Potholes,HBR Layout
Bad Roads,Vijnana Nagar
Electricity,Ramamurthy Nagar
Bad Roads,Vijnana Nagar
Clearing of Blockage of Under Ground Drainage Pipelines and Replacement of Damaged or Missing Manhole Cover,Gali Anjaneya Temple
Potholes,Domlur
Footpaths,Varthur 
Clearing of Blockage of Under Ground Drainage Pipelines and Replacement of Damaged or Missing Manhole Cover,Bellanduru
Electricity,Basavanapura
Potholes,Vijayanagar
Clearing of Blockage of Under Ground Drainage Pipelines and Replacement of Damaged or Missing Manhole Cover,Hemmigepura
Potholes,Gandhi Nagar
Stray Dogs,Varthur 
Bad Roads,Hemmigepura
Bad Roads,Bellanduru
Potholes,HAL Airport 
Clearing of Blockage of Under Ground Drainage Pipelines and Replacement of Damaged or Missing Manhole Cover,Maruthi Seva Nagar
Potholes,Gandhi Nagar
Need New Streetlights,Bellanduru
Potholes,Singasandra
Potholes,Bellanduru
Others,A Narayanapura
Footpaths,Domlur
Bad Roads,Sampangiram Nagar
Garbage,Dharmaraya Swamy Temple
Bad Roads,Kodigehalli
Hawkers and Vendors,Agaram
Potholes,Bellanduru
Mosquitos,Kodigehalli
Clearing of Blockage of Under Ground Drainage Pipelines and Replacement of Damaged or Missing Manhole Cover,Lingarajapura
Hoardings,Jayachamarajendra Nagar
 we have water mafia who has drilled unauthorized water borewell and he is ideally getting all the water in his sump,Bellanduru
Potholes,New Tippasandra
Footpaths,Hoodi
Traffic,A Narayanapura
Potholes,Hagadur
Potholes,HSR Layout 
No Sewage Drains,Garudachar Palya
Water Supply ,Shanthi Nagar
BMTC - Need new Bus Route,Garudachar Palya
Potholes,Bellanduru
Potholes,Shantala Nagar
Potholes,Shantala Nagar
Potholes,Lakshmi Devi Nagar
Water Leakage,Domlur
Stray Dogs,Padmanabha Nagar 
Footpaths,Hagadur
Potholes,HSR Layout 
Bad Roads,A Narayanapura
Clearing of Blockage of Under Ground Drainage Pipelines and Replacement of Damaged or Missing Manhole Cover,Bellanduru
NULL,Kamakshipalya
Potholes,Ulsoor
Potholes,Sampangiram Nagar
Potholes,Sampangiram Nagar
Others,Singasandra
Potholes,Ulsoor
Flooding of Roads and Footpaths,Bharathi Nagar
Footpaths,Bharathi Nagar
Garbage,Padmanabha Nagar 
Garbage,Horamavu
Garbage,Horamavu
Stray Dogs,Rajarajeshwari Nagar 
NULL,Horamavu
Others,HBR Layout
Bad Roads,Vijnana Nagar
Potholes,Shantala Nagar
Desilting - Lakes,Dodda Nekkundi
Stray Dogs,Lingarajapura
Garbage,Kadu Malleshwara
Others,Jeevanbhima Nagar
Bad Roads,Hosakerehalli
Others,Bellanduru
Water Supply and Services - Others,Bellanduru
Potholes,Shantala Nagar
Potholes,Vidyaranyapura
Defacement of Trees,Katriguppe
Need New Streetlights,Sarakki
Others,Horamavu
Bad Roads,Shantala Nagar
Potholes,Banasavadi
Autorickshaws and Taxis,Hemmigepura
Potholes,Jnana Bharathi
Streetlights,Konankunte
Others,Karisandra
Bad Roads,Bellanduru
Bad Roads,Ramamurthy Nagar
Overflow of Storm Water Drains,Bellanduru
Bad Roads,Marathahalli
Garbage,HSR Layout 
Stray Dogs,Domlur
No Sewage Drains,Hemmigepura
Potholes,Peenya Industrial Area
Garbage,Arekere
Potholes,Basavanapura
Potholes,Varthur 
Potholes,Jaraganahalli 
Footpaths,Suddagunte Palya
Hoardings,Banasavadi
Bad Roads,Agaram
Garbage,Bilekahalli 
Flooding of Roads and Footpaths,Begur 
Bad Roads,Bellanduru
Overflow of Storm Water Drains,Banasavadi
Potholes,Lingarajapura
Need New Streetlights,Begur 
Desilting - Lakes,Gottigere
Others,Gottigere
Streetlights,Basavanapura
Potholes,Suddagunte Palya
Bad Roads,Bellanduru
Others,Horamavu
Parking Violations,Nagarabhavi 
Water Supply ,Puttenahalli
NULL,Sarvagna Nagar
Potholes,Agaram
Traffic,Ejipura
Potholes,Jalahalli
Stray Dogs,Basavanagudi 
Need New Streetlights,Attiguppe
Garbage,Vidya Peeta 
Potholes,Bellanduru
Potholes,HSR Layout 
Bad Roads,Begur 
Garbage,Koramangala
No Sewage Drains,Hagadur
Streetlights,Puttenahalli
Footpaths,Konena Agrahara
Need New Streetlights,Begur 
Streetlights,Kumaraswamy Layout 
Potholes,HAL Airport 
Potholes,HAL Airport 
Need New Streetlights,Hagadur
Bad Roads,Jaraganahalli 
Bad Roads,Bellanduru
Bad Roads,Vijnana Nagar
Potholes,Jaraganahalli 
Bad Roads,Begur 
Garbage,Jaraganahalli 
No Sewage Drains,Begur 
Potholes,HSR Layout 
Potholes,Banasavadi
Traffic,New Tippasandra
Birth or death certificate,Byrasandra 
Garbage,Hoodi
Stray Dogs,HSR Layout 
Potholes,HSR Layout 
Garbage,Konena Agrahara
Autorickshaws and Taxis,Suddagunte Palya
Potholes,Vidya Peeta 
Footpaths,Mattikere
Streetlights,Sarakki
BMTC - Need new Bus Route,Garudachar Palya
Noise Pollution,Garudachar Palya
Potholes,Begur 
Potholes,Suddagunte Palya
Potholes,Begur 
Bad Roads,Sagayarapuram
Potholes,New Tippasandra
Parks and playgrounds,Heggenahali
Bad Roads,Begur 
Potholes,HAL Airport 
Potholes,Konena Agrahara
Potholes,Dodda Nekkundi
Potholes,Konankunte
Potholes,Aramane Nagara
"Stray Animals, Insects - Others",Suddagunte Palya
Desilting - Lakes,Begur 
Potholes,Singasandra
Stray Dogs,Dodda Nekkundi
Bad Roads,Garudachar Palya
Bad Roads,HAL Airport 
Potholes,Gurappanpalya
Traffic,Bellanduru
Mosquitos,Domlur
 due to which the entire footpath is blocked for pedestrians. Please look at the attached photo.,Dodda Nekkundi
Flooding of Roads and Footpaths,Hagadur
Bad Roads,Agaram
Stray Dogs,Marathahalli
Garbage,Bellanduru
Bad Roads,Garudachar Palya
Bad Roads,Garudachar Palya
New Bus Shelters,Hebbal
Clearing of Blockage of Under Ground Drainage Pipelines and Replacement of Damaged or Missing Manhole Cover,Malleswaram
Parking Violations,Bommanahalli
Potholes,Singasandra
BMTC - Others,Kadugodi
Stray Dogs,Kottigepalya
Streetlights,Heggenahali
Potholes,Hoodi
Footpaths,Hombegowda Nagar 
Potholes,Shantala Nagar
Garbage,Bagalakunte
Garbage,Bellanduru
Traffic,Bellanduru
Desilting - Lakes,Dodda Nekkundi
Garbage,Vijnanapura
Potholes,Bellanduru
Stray Dogs,Dodda Nekkundi
Potholes,Horamavu
Bad Roads,Ramamurthy Nagar
Water Supply and Services - Others,Basavanapura
Potholes,Chamrajapet
Clearing of Blockage of Under Ground Drainage Pipelines and Replacement of Damaged or Missing Manhole Cover,Hampi Nagar
Potholes,Bellanduru
Others,Nagapura
Clearing of Blockage of Under Ground Drainage Pipelines and Replacement of Damaged or Missing Manhole Cover,Dodda Nekkundi
Garbage,Shantala Nagar
Footpaths,Varthur 
Parking Violations,Jayamahal
Potholes,Sampangiram Nagar
Potholes,Dodda Nekkundi
Traffic,Bellanduru
Potholes,HSR Layout 
Streetlights,Basavanapura
Garbage,Konankunte
Potholes,Koramangala
Electricity,Kadugodi
Bad Roads,Marathahalli
Potholes,Subramanya Nagar
Others,Cottonpete
Crime and Safety - Others,Malleswaram
Bad Roads,Bellanduru
Others,Manorayanapalya
Garbage,Hemmigepura
"Stray Animals, Insects - Others",Rajarajeshwari Nagar 
Water Supply and Services - Others,Shettihalli
Streetlights,Sarvagna Nagar
Potholes,Bellanduru
Bad Roads,Bellanduru
Potholes,HAL Airport 
Potholes,Bellanduru
Parks and playgrounds,HBR Layout
Traffic,BTM Layout 
Electricity,Ramamurthy Nagar
Water Supply and Services - Others,Maruthi Seva Nagar
Stray Dogs,Shantala Nagar
Stray Dogs,C V Raman Nagar
Potholes,Marathahalli
Others,Begur 
Potholes,Dodda Nekkundi
Clearing of Blockage of Under Ground Drainage Pipelines and Replacement of Damaged or Missing Manhole Cover,Marathahalli
Traffic,Marathahalli
Potholes,K R Puram
Others,Byatarayanapura
Autorickshaws and Taxis,K R Puram
Clearing of Blockage of Under Ground Drainage Pipelines and Replacement of Damaged or Missing Manhole Cover,HBR Layout
Stray Dogs,Vijnana Nagar
Potholes,HSR Layout 
Bad Roads,Bellanduru
Garbage,Bellanduru
Electricity,Vishveshwarapura
Hawkers and Vendors,Jayanagar East 
Stray Dogs,Bommanahalli
Garbage,Rajarajeshwari Nagar 
Footpaths,New Tippasandra
Manholes,Bellanduru
Desilting - Lakes,Begur 
Noise Pollution,Jogupalya
Broken Storm Water Drains,Shantala Nagar
Potholes,Dodda Nekkundi
New Bus Shelters,Kottigepalya
Garbage,Bilekahalli 
Diseases,Atturu
Footpaths,Dodda Nekkundi
"Trees, Parks and Playgrounds - Others",Bellanduru
"Trees, Parks and Playgrounds - Others",BTM Layout 
Traffic,A Narayanapura
Potholes,Jayamahal
Potholes,Koramangala
Footpaths,Sampangiram Nagar
Others,Aramane Nagara
Desilting - Lakes,HSR Layout 
Bad Roads,Varthur 
Autorickshaws and Taxis,Shantala Nagar
Bad Roads,Dodda Nekkundi
Others,Pulikeshinagar
Bad Roads,Puttenahalli
Bad Roads,Nagavara
Stray Dogs,Kumaraswamy Layout 
Bad Roads,Sudham Nagara
Garbage,Vishveshwarapura
Potholes,Gandhi Nagar
Potholes,Horamavu
Garbage,Begur 
Garbage,Rajarajeshwari Nagar 
Potholes,HMT
NULL,Hoodi
Traffic,Dodda Nekkundi
Potholes,Shantala Nagar
Garbage,Pattabhiram Nagar 
Water Supply ,Uttarahalli
Others,Katriguppe
Traffic,Bellanduru
Potholes,Rajarajeshwari Nagar 
Potholes,Bellanduru
Bad Roads,Ulsoor
Electricity,Hoysala Nagar
BMTC - Others,Vasanth Nagar
Parking Violations,Shantala Nagar
Garbage,Yeshwanthpura
Potholes,Shantala Nagar
Air Pollution,Dodda Bidarakallu
Footpaths,Maruthi Seva Nagar
Garbage,Puttenahalli
Garbage,Ganesh Mandir 
Garbage,Muneshwara Nagar
Mosquitos,Koramangala
Potholes,JP Nagar 
Potholes,Sampangiram Nagar
Potholes,Begur 
No Sewage Drains,Thanisandra
Parking Violations,Bellanduru
Bad Roads,Kadugodi
Others,Jnana Bharathi
Diseases,J P Park
Potholes,Dodda Nekkundi
Bad Roads,Gandhi Nagar
Potholes,Bellanduru
Potholes,Konena Agrahara
Bad Roads,Thanisandra
Traffic,Hoodi
Others,Koramangala
Streetlights,Vidyaranyapura
Others,Kottigepalya
Bad Roads,Kottigepalya
Stray Dogs,Puttenahalli
Potholes,Vasanthapura
Bad Roads,Dodda Nekkundi
Footpaths,Shantala Nagar
Bad Roads,HAL Airport 
Hawkers and Vendors,Hoodi
NULL,Pattabhiram Nagar 
Maintenance of Bus Shelter,Bellanduru
Flooding of Roads and Footpaths,Rayapuram
Garbage,Kacharkanahalli
Streetlights,Vasanthapura
Bad Roads,Garudachar Palya
Clearing of Blockage of Under Ground Drainage Pipelines and Replacement of Damaged or Missing Manhole Cover,Konena Agrahara
Mosquitos,Konena Agrahara
Water Supply ,Vasanthapura
Garbage,Konena Agrahara
"Stray Animals, Insects - Others",Konena Agrahara
Manholes,Kuvempu Nagar
Garbage,Singasandra
Bad Roads,Subramanya Nagar
Cattle,Rajarajeshwari Nagar 
Water Supply ,Shantala Nagar
Garbage,Konena Agrahara
Potholes,HSR Layout 
Broken Storm Water Drains,JP Nagar 
Garbage,Jalahalli
Clearing of Blockage of Under Ground Drainage Pipelines and Replacement of Damaged or Missing Manhole Cover,Dodda Nekkundi
Garbage,Vasanthapura
Potholes,Thanisandra
Bad Roads,Konena Agrahara
Flooding of Roads and Footpaths,Vasanth Nagar
Potholes,HBR Layout
Mosquitos,Hosakerehalli
Overflow of Storm Water Drains,Sarakki
Bad Roads,Jaraganahalli 
Potholes,Deepanjali Nagar 
Footpaths,Hosakerehalli
Others,Bellanduru
Bad Roads,Radhakrishna Temple 
Potholes,Hagadur
Others,BTM Layout 
Stray Dogs,Vasanthapura
Traffic,Varthur 
Potholes,Bellanduru
Others,Girinagar 
Potholes,Sampangiram Nagar
Garbage,BTM Layout 
Garbage,Dodda Bidarakallu
Potholes,Bellanduru
Garbage,Shettihalli
Stray Dogs,Rajarajeshwari Nagar 
Garbage,Dodda Nekkundi
Traffic,Ejipura
Potholes,HAL Airport 
Manholes,Shivaji Nagar
Others,Sampangiram Nagar
Garbage,Sarvagna Nagar
Bad Roads,Kadugodi
Potholes,Varthur 
Others,Koramangala
Potholes,Kaval Bairasandra
Stray Dogs,Shantala Nagar
Others,Koramangala
Others,Sampangiram Nagar
Bad Roads,Sarvagna Nagar
Clearing of Blockage of Under Ground Drainage Pipelines and Replacement of Damaged or Missing Manhole Cover,Hoodi
Others,Begur 
Potholes,K R Puram
Stray Dogs,Sudham Nagara
"Trees, Parks and Playgrounds - Others",Shantala Nagar
Potholes,Mattikere
Bad Roads,Konena Agrahara
Others,Hosahalli
Bad Roads,Jayachamarajendra Nagar
Potholes,Rajaji Nagar
Others,New Tippasandra
Flooding of Roads and Footpaths,Jogupalya
Garbage,Banasavadi
Stray Dogs,Kuvempu Nagar
Water Meter,Puttenahalli
Water Supply ,Karisandra
Water Supply ,Karisandra
Garbage,Kacharkanahalli
Others,Hebbal
Parking Violations,Sudham Nagara
Streetlights,Begur 
Traffic,Attiguppe
Potholes,Jakkasandra
Garbage,Koramangala
Potholes,Koramangala
Land Pollution,J P Park
Potholes,Shantala Nagar
Parking Violations,Sanjay Nagar
Autorickshaws and Taxis,Puttenahalli
Autorickshaws and Taxis,Dodda Nekkundi
Removal of Encroachment - Lakes,Horamavu
Electricity,Kaval Bairasandra
Need New Streetlights,Ramamurthy Nagar
"Trees, Parks and Playgrounds - Others",Ramamurthy Nagar
Garbage,Kumaraswamy Layout 
Garbage,Kumaraswamy Layout 
"Trees, Parks and Playgrounds - Others",Vishwanath Nagenahalli
Traffic,C V Raman Nagar
Traffic,Attiguppe
Garbage,Byatarayanapura
Garbage,Kumaraswamy Layout 
Garbage,Sampangiram Nagar
Bad Roads,Vijnana Nagar
Garbage,HSR Layout 
Others,Ejipura
Others,Jakkuru
Footpaths,J P Park
Potholes,Dodda Nekkundi
Bad Roads,J P Park
Bad Roads,Kuvempu Nagar
Hoardings,Nagavara
Potholes,Marappana Palya
Potholes,Sampangiram Nagar
Clearing of Blockage of Under Ground Drainage Pipelines and Replacement of Damaged or Missing Manhole Cover,Sampangiram Nagar
Potholes,Konena Agrahara
Electricity,Hoodi
Others,Bharathi Nagar
Bad Roads,Maruthi Mandira
Bad Roads,Maruthi Mandira
Bad Roads,Horamavu
Bad Roads,Agaram
Others,A Narayanapura
Bad Roads,Maruthi Seva Nagar
NULL,Horamavu
Removal of Encroachment - Lakes,Horamavu
New Bus Shelters,Byatarayanapura
Potholes,Bellanduru
Parking Violations,Ejipura
Potholes,Varthur 
Stray Dogs,Nagarabhavi 
Others,Gottigere
Streetlights,Bilekahalli 
New Bus Shelters,HMT
Bad Roads,Sampangiram Nagar
Garbage,Sagayarapuram
Others,Vasanth Nagar
